item,snp,freq,beta,p,n,r2,passes_threshold,power_at_hit,r2_for_80power
item145,chr2:58081791,0.03,1.04,1.11e-10,2418,0.016920280609695595,TRUE,0.9165446188589816,0.01424943648554925
item154,chr22:25336534,0.06,0.66,2.18e-9,2418,0.014591937948707511,TRUE,0.8198610035454994,0.01424943648554925
item154,chr15:26540641,0.03,0.95,4.95e-9,2418,0.013950271186168565,TRUE,0.7822711880790294,0.01424943648554925
item153,chr20:12002601,0.05,0.69,7.44e-9,2417,0.013636965862001586,TRUE,0.7616811081218252,0.01424943648554925
item149,chr6:23130194,0.27,0.33,2.52e-8,2422,0.012656055605268616,TRUE,0.6924917426400434,0.01422140966987079
item154,chr17:5138662,0.02,0.96,2.82e-8,2418,0.012588713653510409,TRUE,0.6855593712447577,0.01424943648554925
item155,chr18:52543279,0.02,1.05,3.51e-8,2322,0.012924196146434775,TRUE,0.6718134723976807,0.014831448196077995
item146,chr3:61294503,0.18,0.49,3.89e-8,2419,0.012331982050250564,TRUE,0.665243486858492,0.014240088081937555
item153,chr15:26543821,0.03,0.89,4.15e-8,2417,0.012291418103312121,TRUE,0.66107143072892,0.01424943648554925
item154,chr20:11997227,0.05,0.64,8.53e-8,2418,0.011722749211972671,TRUE,0.6127849293897019,0.01424943648554925
item145,chr12:33767279,0.49,-0.32,9.49e-8,2418,0.011639328664713483,TRUE,0.6053694969783712,0.01424943648554925
CCDF1,chr15:26540641,0.03,0.48,1.03e-7,2429,0.011523449715247765,TRUE,0.5996310684939807,0.014184126313794709
item145,chr7:6604202,0.29,0.35,1.05e-7,2418,0.011560223898144276,TRUE,0.5982783192720231,0.01424943648554925
item93,chr31:15200674,0.25,0.33,1.12e-7,2494,0.011162923869154332,TRUE,0.5937239602585882,0.01381662657893315
CCDF1,chr22:25336534,0.06,0.32,1.12e-7,2429,0.011458220732276545,TRUE,0.5937239602585882,0.014184126313794709
item149,chr1:117641155,0.01,1.4,1.13e-7,2422,0.01148401551514589,TRUE,0.5930949305092246,0.01422140966987079
item145,chr12:11439886,0.06,0.65,1.22e-7,2418,0.011442860185888557,TRUE,0.5876546204188653,0.01424943648554925
item153,chr17:5145807,0.04,0.7,1.26e-7,2417,0.011422299831311775,TRUE,0.5853552029203773,0.01424943648554925
item145,chr35:8395148,0.45,0.32,1.66e-7,2418,0.011202027142485319,TRUE,0.5654922586039868,0.01424943648554925
item7,chr32:36250505,0.36,-0.28,1.76e-7,2555,0.010564403135301168,TRUE,0.561231435078722,0.013494024895917278
item149,chr29:36899341,0.45,-0.27,2.11e-7,2422,0.01099648704390578,TRUE,0.5479240672546654,0.01422140966987079
item155,chr22:19158425,0.02,1.1,2.24e-7,2322,0.011416005448475475,TRUE,0.543507041297904,0.014831448196077995
CCDF1,chr17:5145807,0.04,0.37,2.34e-7,2429,0.010884616613245529,TRUE,0.5402713278620092,0.014184126313794709
item149,chr38:19252808,0.07,-0.53,2.5e-7,2422,0.01086411107178048,TRUE,0.5353571443737117,0.01422140966987079
item153,chr22:56248310,0.15,0.37,2.67e-7,2417,0.010834893595445327,TRUE,0.5304527724574973,0.01424943648554925
item155,chr37:26040256,0.3,-0.32,2.73e-7,2322,0.011255111100745518,TRUE,0.5287925007874972,0.014831448196077995
item153,chr22:25336534,0.06,0.57,2.74e-7,2417,0.010814656110132097,TRUE,0.528519171333864,0.01424943648554925
item155,chr14:58195924,0.2,-0.36,3.01e-7,2322,0.011175708573994487,TRUE,0.5214774593626008,0.014831448196077995
item145,chr32:13624885,0.47,-0.32,3.11e-7,2418,0.010711227194121722,TRUE,0.5190216540949131,0.01424943648554925
item93,chr30:11815636,0.4,-0.28,3.22e-7,2494,0.010361857400272267,TRUE,0.5164060264201749,0.01381662657893315
item150,chr5:88262229,0.22,-0.42,3.46e-7,2417,0.010632228110867979,TRUE,0.5109843191229009,0.01424943648554925
item146,chr1:75148477,0.3,0.4,3.49e-7,2419,0.01061678668732066,TRUE,0.5103321441738632,0.014240088081937555
item145,chr13:9679944,0.33,0.32,3.62e-7,2418,0.010592549504801449,TRUE,0.5075669003293912,0.01424943648554925
item93,chr19:9900081,0.2,-0.33,3.82e-7,2494,0.010232307031804853,TRUE,0.5034938161337641,0.01381662657893315
item149,chr13:42064131,0.22,0.32,4.11e-7,2422,0.010476197318701494,FALSE,0.4979388160137689,0.01422140966987079
item145,chr2:57934851,0.05,0.67,4.13e-7,2418,0.010489552608802742,FALSE,0.4975697866829585,0.01424943648554925
item7,chr35:3870321,0.46,-0.26,4.38e-7,2555,0.009889176805071901,FALSE,0.4930972492829444,0.013494024895917278
item155,chr15:40562165,0.25,-0.33,4.52e-7,2322,0.010845136382069279,FALSE,0.49069938119079215,0.014831448196077995
item149,chr26:29215703,0.32,0.29,4.61e-7,2422,0.010386638498222748,FALSE,0.48919560817632923,0.01422140966987079
item93,chr17:30495865,0.15,0.37,4.96e-7,2494,0.010034343113057476,FALSE,0.4836064808310443,0.01381662657893315
item153,chr17:13143684,0.06,0.56,4.99e-7,2417,0.010345992089859365,FALSE,0.4831453930977522,0.01424943648554925
item145,chr35:8402086,0.39,-0.31,5.77e-7,2418,0.010228298749674276,FALSE,0.4720183535897039,0.01424943648554925
CCDF1,chr12:3485864,0.02,-0.47,5.92e-7,2429,0.010162492003457119,FALSE,0.4700481110864735,0.014184126313794709
item153,chr26:32969413,0.06,0.53,6.09e-7,2417,0.010190308254838432,FALSE,0.46787337756958547,0.01424943648554925
item7,chr27:19058312,0.05,-0.57,6.75e-7,2555,0.009569080499790751,FALSE,0.4599594341512503,0.013494024895917278
CCDF2,chr5:43550724,0.1,0.23,6.95e-7,2506,0.009732340888039646,FALSE,0.45771099844610696,0.013753300126981623
item150,chr34:6753348,0.15,-0.47,7.07e-7,2417,0.010073720236688682,FALSE,0.45639230246793616,0.01424943648554925
item152,chr37:29176348,0.03,1.41,7.11e-7,2415,0.01007756731834868,FALSE,0.45595763050398297,0.014268151708060572
item155,chr20:7618972,0.05,-0.63,7.52e-7,2322,0.01043140682024541,FALSE,0.4516362448494985,0.014831448196077995
item148,chr27:41660966,0.21,0.33,7.63e-7,2424,0.009985536825819439,FALSE,0.4505163836644097,0.014212079653371118
item7,chr19:47446197,0.03,0.76,7.82e-7,2555,0.009460213829220146,FALSE,0.4486191170611612,0.013494024895917278
item153,chr17:4912399,0.03,0.82,7.98e-7,2417,0.009979129298465355,FALSE,0.4470564289946549,0.01424943648554925
item147,chr8:56523813,0.48,0.48,8.17e-7,2404,0.010014072716253842,FALSE,0.4452405023566889,0.01432444498831263
item7,chr5:79169269,0.09,0.44,8.37e-7,2555,0.009409931618681514,FALSE,0.4433736235172818,0.013494024895917278
item7,chr3:89911837,0.01,-1.1,8.49e-7,2555,0.009399401333104806,FALSE,0.4422745965352268,0.013494024895917278
item154,chr4:57652076,0.07,0.49,8.63e-7,2418,0.009913899353172433,FALSE,0.4410116991372839,0.01424943648554925
CCDF2,chr1:84325366,0.34,0.15,8.84e-7,2506,0.00955097154404071,FALSE,0.43915496159048584,0.013753300126981623
item93,chr7:51994198,0.28,0.29,9.16e-7,2494,0.009569552036044439,FALSE,0.43640822926526757,0.01381662657893315
item151,chr3:55640298,0.49,0.3,9.23e-7,2421,0.009849320932105157,FALSE,0.4358201052881101,0.014230745811385942
item148,chr21:15331294,0.06,0.54,9.3e-7,2424,0.009831366697823784,FALSE,0.43523640049083745,0.014212079653371118
item153,chr6:19278651,0.03,0.81,9.35e-7,2417,0.009855371192241424,FALSE,0.4348221381228574,0.01424943648554925
item7,chr35:3731144,0.13,-0.38,9.45e-7,2555,0.009320162238967172,FALSE,0.43400018560959275,0.013494024895917278
item145,chr7:61097669,0.09,0.52,9.7e-7,2418,0.009822644910105382,FALSE,0.43198260109025655,0.01424943648554925
item95,chr5:63148313,0.18,-0.34,9.72e-7,2498,0.00950950307562998,FALSE,0.4318234385244091,0.013798503612057596
item154,chr24:28960651,0.48,-0.26,9.86e-7,2418,0.009809872749901931,FALSE,0.4307183555029892,0.01424943648554925
CCDF3,chr23:28108643,0.02,0.35,9.9e-7,2428,0.00976671652959722,FALSE,0.4304054894560203,0.014193437979347481
