snp,frqco,or,p,r2,power_at_hit
rs78587207,0.677,0.9522,5.28e-12,2.274408375988585e-4,0.9259853264599176
rs13262595,0.561,0.9566,1.31e-11,2.189306392906132e-4,0.9059497902352908
rs4990036,0.123,0.9299,1.45e-11,2.1798010065055782e-4,0.9034578202276694
rs10877425,0.516,0.9526,1.62e-11,2.1694229112273117e-4,0.9006756373751024
rs7626445,0.654,0.9551,1.74e-11,2.1627347222212667e-4,0.8988482502255253
rs2564930,0.345,0.9546,3.41e-11,2.0997780027511899e-4,0.8802767524851243
rs4702,0.449,1.0414,9.07e-10,1.793376568360388e-4,0.7497364977318077
rs35518360,0.0756,1.0757,1.39e-9,1.7535884207401964e-4,0.7275177381419243
rs4904738,0.553,0.9605,1.48e-9,1.747743064843199e-4,0.7241511631301587
rs254779,0.421,0.9606,1.53e-9,1.744647607005102e-4,0.7223578323658424
rs2198140,0.513,0.959,2.18e-9,1.7116702246059795e-4,0.7028041798702852
rs12516488,0.826,1.0531,3.79e-9,1.6601903226550092e-4,0.6706819153994519
rs3899258,0.792,1.0509,4.94e-9,1.6355368364327777e-4,0.6546371140207944
rs3027160,0.782,1.0497,5.35e-9,1.6281210908210787e-4,0.6497303652591642
rs203768,0.817,0.9513,6.14e-9,1.6153131217540778e-4,0.6411703560868875
rs11263940,0.69,0.9578,7.23e-9,1.600119863988668e-4,0.6308790739389089
rs67839857,0.691,1.0423,7.63e-9,1.5951141479253123e-4,0.627456565722478
rs1555466,0.224,1.049,8.42e-9,1.5859567251567342e-4,0.6211554947723685
rs9886111,0.711,0.9598,8.59e-9,1.58409896364659e-4,0.6198709747969533
rs9287859,0.39,0.9595,9.83e-9,1.57156846015019e-4,0.6111531727802861
rs2087319,0.744,0.9579,1.59e-8,1.5269026290539798e-4,0.5793565218717306
rs11125759,0.556,0.969,1.79e-8,1.5159029819923405e-4,0.5713652563794909
rs6474628,0.585,1.038,1.89e-8,1.5108568962538424e-4,0.5676795142024909
rs11768238,0.661,0.9601,2.28e-8,1.4934465763680692e-4,0.5548716878440088
rs9479138,0.34,1.0397,2.41e-8,1.4883014142205074e-4,0.5510607377186345
rs1567288,0.55,0.9643,3.8e-8,1.4460674505181829e-4,0.5193780453034036
rs4831130,0.74,1.0427,3.93e-8,1.4429490035788148e-4,0.5170130554476124
rs17718444,0.32,0.9622,4.25e-8,1.4356928327359004e-4,0.511497981141303
rs6660196,0.642,1.0403,4.86e-8,1.4232629846777357e-4,0.5020136181557124
rs4931,0.279,0.9609,5e-8,1.4206313925359807e-4,0.49999999999999956
