pair_id,call_sample,truth_sample
Kaylee,SRR13233711,SRR13340530
Kaylee_dup1,SRR13233676,SRR13340530
Kaylee_dup2,SRR13233654,SRR13340530
Kaylee_dup3,SRR13233665,SRR13340530
Clarence,SRR13233313,SRR13340532
Beskow,SRR13233291,SRR13340531
Beskow_dup1,SRR13233722,SRR13340531
Gus,SRR13233642,SRR13340529
Esme,SRR13233900,SRR13340527
Lucky,SRR13233889,SRR13340526
Tui,SRR13233643,SRR13340519
Lily,SRR13233628,SRR13340517
Finch,SRR13233162,SRR13340516
Jamie,SRR13233942,SRR13340515
Rudy,SRR13234818,SRR13340513
