Sample ID (public);Call Name;Sex;Method;BioProject;BioSample;SRA;Accession;ID;Experiment Accession;Study Accession;Total Bases;Library Name;sampleID_in_QC4;NEW_ID_LOWCOV;Call Name;;sampleID_LOWCOV;bam_size;depth_known_sites;All_sites_depth;v2_GenoConcordance;v2_NON_REF_GenoConcordance;ALLCHR_GenoConcordance;NON_REF_ALLCHR_GenoConcordance;chr38_GenoConcordance;NON_REF_chr38_GenoConcordance;GenoConcordance;NON_REF_GenoConcordance;NEW_ID_LOWCOV;Call Name;;sampleID_LOWCOV;bam_size;depth_known_sites;SRR_ID_HIGHCOV;breed;knownSites_depth(auto);knownSites_depth(auto);knownSites_depth(xchr);Sex;SRR_ID_HIGHCOV;1x;0.9x;0.8x;0.7x;0.6x;0.5x;0.4x;0.3x;0.2x;0.1x;
MIXD000008;Clarence;M;High-pass;PRJNA683923;SAMN17046053;SRS7955236;SAMN17046053;17046053;SRX9767015;SRP299960;1,29454E+11;MIXD000008;;;Clarence;;;;;;;;;;;;;;;Clarence;;;;;SRR13340532;urban  - not applicable;40.94;40,94;23.69;M;SRR13340532;0,02443;0,02198;0,01954;0,01710;0,01466;0,01221;0,00977;0,00733;0,00489;0,00244;
MIXD000008;Clarence;M;Low-pass;PRJNA675863;SAMN16778395;SRS7864390;SAMN16778395;16778395;SRX9665472;SRP297431;4806043200;DarwinsArk_000132_D132;D132;132;Clarence;;SRR13233313;2.4G;1.69;;;;;;;;0,986;0,986;132;Clarence;;SRR13233313;2.4G;1.69;;#N/A;;;;M;;;;;;;;;;;;
MIXD000009;Beskow;F;High-pass;PRJNA683923;SAMN17046054;SRS7955237;SAMN17046054;17046054;SRX9767016;SRP299960;1,3985E+11;MIXD000009;;;Beskow;;;;;;;;;;;;;;;Beskow;;;;;SRR13340531;rescue (no breed available);43.09;43,09;41.26;F;SRR13340531;0,02321;0,02089;0,01857;0,01625;0,01392;0,01160;0,00928;0,00696;0,00464;0,00232;
MIXD000009;Beskow;F;Low-pass;PRJNA675863;SAMN16778397;SRS7864410;SAMN16778397;16778397;SRX9665494;SRP297431;10368390450;DarwinsArk_000157_31001701031169;31001701031169;157;Beskow;;SRR13233291;4.0G;4.51;;0.99406;0.99406;;;;;0,992;0,993;157;Beskow;;SRR13233291;4.0G;4.51;;#N/A;;;;F;;;;;;;;;;;;
MIXD000009;Beskow;F;Low-pass;PRJNA675863;SAMN16778398;SRS7864469;SAMN16778398;16778398;SRX9665553;SRP297431;2757759600;DarwinsArk_000157_31001701032416;31001701032416;157b;Beskow;dup1;SRR13233722;908M;0.72;0.619422;0.99181;0.99181;;;;;;;157b;Beskow;dup1;SRR13233722;908M;0.72;;#N/A;;;;F;;;;;;;;;;;;
MIXD000010;Kaylee;F;High-pass;PRJNA683923;SAMN17046055;SRS7955238;SAMN17046055;17046055;SRX9767017;SRP299960;1,05793E+11;MIXD000010;;;Kaylee;;;;;;;;;;;;;;;Kaylee;;;;;SRR13340530;rescue (no breed available);36.14;36,14;34.34;F;SRR13340530;0,02767;0,02490;0,02214;0,01937;0,01660;0,01384;0,01107;0,00830;0,00553;0,00277;
MIXD000010;Kaylee;F;Low-pass;PRJNA675863;SAMN16778399;SRS7864482;SAMN16778399;16778399;SRX9665564;SRP297431;10613424150;DarwinsArk_000158_31001701031159;31001701031159;158d;Kaylee;;SRR13233711;4.8G;2.81;;0.989508;0.989508;;;;;0,988;0,988;158d;Kaylee;;SRR13233711;4.8G;2.81;;#N/A;;;;F;;;;;;;;;;;;
MIXD000010;Kaylee;F;Low-pass;PRJNA675863;SAMN16778400;SRS7864517;SAMN16778400;16778400;SRX9665599;SRP297431;4466767200;DarwinsArk_000158_31001709140038;31001709140038;158c;Kaylee;dup1;SRR13233676;2.1G;0.74;;0.97584;0.97584;;;;;;;158c;Kaylee;dup1;SRR13233676;2.1G;0.74;;#N/A;;;;F;;;;;;;;;;;;
MIXD000010;Kaylee;F;Low-pass;PRJNA675863;SAMN16778402;SRS7864539;SAMN16778402;16778402;SRX9665621;SRP297431;3433928400;DarwinsArk_000158_31001709140602;31001709140602;158;Kaylee;dup2;SRR13233654;338M;0.11;0.0971568;0.97293;0.97293;0.971479;0.971582;0.976362 ;0.976452;;;158;Kaylee;dup2;SRR13233654;338M;0.11;;#N/A;;;;F;;;;;;;;;;;;
MIXD000010;Kaylee;F;Low-pass;PRJNA675863;SAMN16778401;SRS7864528;SAMN16778401;16778401;SRX9665610;SRP297431;3267418500;DarwinsArk_000158_31001709140131;31001709140131;158b;Kaylee;dup3;SRR13233665;1.5G;0.83;;0.979639;0.979639;;;;;;;158b;Kaylee;dup3;SRR13233665;1.5G;0.83;;#N/A;;;;F;;;;;;;;;;;;
MIXD000011;Gus;M;High-pass;PRJNA683923;SAMN17046056;SRS7955239;SAMN17046056;17046056;SRX9767018;SRP299960;1,34E+11;MIXD000011;;;Gus;;;;;;;;;;;;;;;Gus;;;;;SRR13340529;rescue (no breed available);44.35;44,35;25.83;M;SRR13340529;0,02255;0,02029;0,01804;0,01578;0,01353;0,01127;0,00902;0,00676;0,00451;0,00225;
MIXD000011;Gus;M;Low-pass;PRJNA675863;SAMN16778403;SRS7864551;SAMN16778403;16778403;SRX9665633;SRP297431;5260274100;DarwinsArk_000181_D181;D181;181;Gus;;SRR13233642;2.5G;1.87;;;;;;;;0,986;0,986;181;Gus;;SRR13233642;2.5G;1.87;;#N/A;;;;M;;;;;;;;;;;;
MIXD000013;Esme;F;High-pass;PRJNA683923;SAMN17046058;SRS7955241;SAMN17046058;17046058;SRX9767020;SRP299960;1,04294E+11;MIXD000013;;;Esme;;;;;;;;;;;;;;;Esme;;;;;SRR13340527;Shelter;35.17;35,17;34.43;F;SRR13340527;0,02843;0,02559;0,02275;0,01990;0,01706;0,01422;0,01137;0,00853;0,00569;0,00284;
MIXD000013;Esme;F;Low-pass;PRJNA675863;SAMN16778404;SRS7864803;SAMN16778404;16778404;SRX9665885;SRP297431;5006234100;DarwinsArk_000183_D183;D183;183;Esme;;SRR13233900;2.3G;1.73;;;;;;;;0,985;0,985;183;Esme;;SRR13233900;2.3G;1.73;;#N/A;;;;F;;;;;;;;;;;;
MIXD000014;Lucky;M;High-pass;PRJNA683923;SAMN17046059;SRS7955242;SAMN17046059;17046059;SRX9767021;SRP299960;1,34463E+11;MIXD000014;;;Lucky;;;;;;;;;;;;;;;Lucky;;;;;SRR13340526;Rescue;42.75;42,75;24.95;M;SRR13340526;0,02339;0,02105;0,01871;0,01637;0,01404;0,01170;0,00936;0,00702;0,00468;0,00234;
MIXD000014;Lucky;M;Low-pass;PRJNA675863;SAMN16778405;SRS7864814;SAMN16778405;16778405;SRX9665896;SRP297431;5573246400;DarwinsArk_000184_D184;D184;184;Lucky;;SRR13233889;2.7G;1.95;;;;;;;;0,986;0,986;184;Lucky;;SRR13233889;2.7G;1.95;;#N/A;;;;M;;;;;;;;;;;;
MIXD000020;Tui;F;High-pass;PRJNA683923;SAMN17046065;SRS7955249;SAMN17046065;17046065;SRX9767028;SRP299960;1,46112E+11;MIXD000020;;;Tui;;;;;;;;;;;;;;;Tui;;;;;SRR13340519;not applicable;45.67;45,67;44.25;F;SRR13340519;0,02190;0,01971;0,01752;0,01533;0,01314;0,01095;0,00876;0,00657;0,00438;0,00219;
MIXD000020;Tui;F;Low-pass;PRJNA675863;SAMN16778385;SRS7864549;SAMN16778385;16778385;SRX9665632;SRP297431;4844887800;DarwinsArk_000000_DX04;SRR13233643;SRR13233643;Tui;;SRR13233643;2.4G;1.61;;;;;;;;0,986;0,986;SRR13233643;Tui;;SRR13233643;2.4G;1.61;;#N/A;;;;F;;;;;;;;;;;;
MIXD000022;Lily;F;High-pass;PRJNA683923;SAMN17046067;SRS7955250;SAMN17046067;17046067;SRX9767030;SRP299960;1,43095E+11;MIXD000022;;;Lily;;;;;;;;;;;;;;;Lily;;;;;SRR13340517;not applicable;43.60;43,6;42.48;F;SRR13340517;0,02294;0,02064;0,01835;0,01606;0,01376;0,01147;0,00917;0,00688;0,00459;0,00229;
MIXD000022;Lily;F;Low-pass;PRJNA675863;SAMN16778386;SRS7864565;SAMN16778386;16778386;SRX9665647;SRP297431;5232440100;DarwinsArk_000000_DX06;SRR13233628;SRR13233628;Lily;;SRR13233628;2.6G;1.83;;;;;;;;0,986;0,986;SRR13233628;Lily;;SRR13233628;2.6G;1.83;;#N/A;;;;F;;;;;;;;;;;;
MIXD000023;Finch;F;High-pass;PRJNA683923;SAMN17046068;SRS7955252;SAMN17046068;17046068;SRX9767031;SRP299960;1,28037E+11;MIXD000023;;;Finch;;;;;;;;;;;;;;;Finch;;;;;SRR13340516;not applicable;41.85;41,85;40.66;F;SRR13340516;0,02389;0,02151;0,01912;0,01673;0,01434;0,01195;0,00956;0,00717;0,00478;0,00239;
MIXD000023;Finch;F;Low-pass;PRJNA675863;SAMN16778387;SRS7864051;SAMN16778387;16778387;SRX9665133;SRP297431;3401618700;DarwinsArk_000000_DX07;SRR13233162;SRR13233162;Finch;;SRR13233162;1.2G;0.82;0.71398;;;;;;;0,981194;0,981301;SRR13233162;Finch;;SRR13233162;1.2G;0.82;;#N/A;;;;F;;;;;;;;;;;;
MIXD000024;Jamie;F;High-pass;PRJNA683923;SAMN17046069;SRS7955253;SAMN17046069;17046069;SRX9767032;SRP299960;1,18587E+11;MIXD000024;;;Jamie;;;;;;;;;;;;;;;Jamie;;;;;SRR13340515;rescue (no breed available);37.48;37,48;36.81;F;SRR13340515;0,02668;0,02401;0,02134;0,01868;0,01601;0,01334;0,01067;0,00800;0,00534;0,00267;
MIXD000024;Jamie;F;Low-pass;PRJNA675863;SAMN16778391;SRS7864761;SAMN16778391;16778391;SRX9665843;SRP297431;3589701900;DarwinsArk_000098_DX08;98;98;Jamie;;SRR13233942;1.8G;1.26;;;;;;;;0,983;0,984;98;Jamie;;SRR13233942;1.8G;1.26;;#N/A;;;;F;;;;;;;;;;;;
MIXD000025;Rudy;M;High-pass;PRJNA683923;SAMN17046070;SRS7955255;SAMN17046070;17046070;SRX9767034;SRP299960;1,00946E+11;MIXD000025;;;Rudy;;;;;;;;;;;;;;;Rudy;;;;;SRR13340513;not applicable;35.20;35,2;19.81;M;SRR13340513;0,02841;0,02557;0,02273;0,01989;0,01705;0,01420;0,01136;0,00852;0,00568;0,00284;
MIXD000025;Rudy;M;Low-pass;PRJNA675863;SAMN16778203;SRS7865800;SAMN16778203;16778203;SRX9666841;SRP297431;4852862400;DarwinsArk_021889_DX09;21889;21889;Rudy;;SRR13234818;2.4G;1.73;;;;;;;;;;21889;Rudy;;SRR13234818;2.4G;1.73;;#N/A;;;;M;;;;;;;;;;;;
;;;;;;;;;;;;;;;;;;;;;;;;;;;;;;;;;;;;;;;;;;;;;;;;;;;;
;;;;;;;;;;;;;;;;;;;;;;;;;;;;;;;;;;;;;;;;;;36,84600;;;;;;;;;;
;;;;;;;;;;;;;;;remap these to get depth:;;sampleID_LOWCOV;;;;;;;;;;;;;remap these to get depth:;;sampleID_LOWCOV;;;;;;;;;;;;;;;;;;;;
;;;;;;;;;;;SRR13233942 SRR13233942 0 0 0 -9 98 98 gencove;;;;;;SRR13233291;;;;;;;;;;;;;;;SRR13233291;;;;;;;;;;;;;;;;;;;;
;;;;;;;;;;;;;;;;;SRR13233313;;;;;;;;;;;;;;;SRR13233313;;;;;;;;;;;;;;;;;;;;
;;;;;;;;;;;;;;;;;SRR13233628;;;;;;;;;;;;;;;SRR13233628;;;;;;;;;;;;;;;;;;;;
;;;;;;;;;;;;;;;;;SRR13233642;;;;;;;;;;;;;;;SRR13233642;;;;;;;;;;;;;;;;;;;;
;;;;;;;;;;;;;;;;;SRR13233643;;;;;;;;;;;;;;;SRR13233643;;;;;;;;;;;;;;;;;;;;
;;;;;;;;;;;;;;;;;SRR13233665;;;;;;;;;;;;;;;SRR13233665;;;;;;;;;;;;;;;;;;;;
;;;;;;;;;;;;;;;;;SRR13233676;;;;;;;;;;;;;;;SRR13233676;;;;;;;;;;;;;;;;;;;;
;;;;;;;;;;;;;;;;;SRR13233711;;;;;;;;;;;;;;;SRR13233711;;;;;;;;;;;;;;;;;;;;
;;;;;;;;;;;;;;;;;SRR13233889;;;;;;;;;;;;;;;SRR13233889;;;;;;;;;;;;;;;;;;;;
;;;;;;;;;;;;;;;;;SRR13233900;;;;;;;;;;;;;;;SRR13233900;;;;;;;;;;;;;;;;;;;;
;;;;;;;;;;;;;;;;;SRR13233942;;;;;;;;;;;;;;;SRR13233942;;;;;;;;;;;;;;;;;;;;
;;;;;;;;;;;;;;;;;SRR13234818;;;;;;;;;;;;;;;SRR13234818;;;;;;;;;;;;;;;;;;;;
;;;;;;;;;;;;;;;;;;;;;;;;;;;;;;;;;;;;;;;;;;;;;;;;;;;;
;;;;;;;;;;;;;;;extract these from imputed file to use in genotype concordance;;;;;;;;;;;;;;;extract these from imputed file to use in genotype concordance;;;;;;;;;;;;;;;;;;;;;;
;;;;;;;;;;;;;;;;;SRR13233313;;;;;;;;;;;;;;;SRR13233313;;;;;;;;;;;;;;;;;;;;
;;;;;;;;;;;;;;;;;SRR13233162;;;;;;;;;;;;;;;SRR13233162;;;;;;;;;;;;;;;;;;;;
;;;;;;;;;;;;;;;;;SRR13233291;;;;;;;;;;;;;;;SRR13233291;;;;;;;;;;;;;;;;;;;;
;;;;;;;;;;;;;;;;;SRR13233628;;;;;;;;;;;;;;;SRR13233628;;;;;;;;;;;;;;;;;;;;
;;;;;;;;;;;;;;;;;SRR13233642;;;;;;;;;;;;;;;SRR13233642;;;;;;;;;;;;;;;;;;;;
;;;;;;;;;;;;;;;;;SRR13233643;;;;;;;;;;;;;;;SRR13233643;;;;;;;;;;;;;;;;;;;;
;;;;;;;;;;;;;;;;;SRR13233654;;;;;;;;;;;;;;;SRR13233654;;;;;;;;;;;;;;;;;;;;
;;;;;;;;;;;;;;;;;SRR13233665;;;;;;;;;;;;;;;SRR13233665;;;;;;;;;;;;;;;;;;;;
;;;;;;;;;;;;;;;;;SRR13233676;;;;;;;;;;;;;;;SRR13233676;;;;;;;;;;;;;;;;;;;;
;;;;;;;;;;;;;;;;;SRR13233711;;;;;;;;;;;;;;;SRR13233711;;;;;;;;;;;;;;;;;;;;
;;;;;;;;;;;;;;;;;SRR13233722;;;;;;;;;;;;;;;SRR13233722;;;;;;;;;;;;;;;;;;;;
;;;;;;;;;;;;;;;;;SRR13233889;;;;;;;;;;;;;;;SRR13233889;;;;;;;;;;;;;;;;;;;;
;;;;;;;;;;;;;;;;;SRR13233900;;;;;;;;;;;;;;;SRR13233900;;;;;;;;;;;;;;;;;;;;
;;;;;;;;;;;;;;;;;SRR13233942;;;;;;;;;;;;;;;SRR13233942;;;;;;;;;;;;;;;;;;;;
;;;;;;;;;;;;;;;;;SRR13234818;;;;;;;;;;;;;;;SRR13234818;;;;;;;;;;;;;;;;;;;;