queried_gene,gwas_p_threshold,n_study_trait_hits,n_psych_hits,n_ocd_hits,n_depression_hits,n_schizophrenia_hits,n_other_psych_hits,prop_psych,prop_ocd,psych_odds_ratio,psych_p_enrichment,psych_p_enrichment_fdr,ocd_odds_ratio,ocd_p_enrichment,ocd_p_enrichment_fdr
ADCY2,5e-8,58,15,0,1,0,14,0.25862068965517243,0,2.88553137019984,0.0010329540372364663,0.008715549689182684,0,1,1
ADGRG1,5e-8,50,0,0,0,0,0,0,0,0,1,1,0,1,1
ADRA2C,5e-8,10,1,0,0,0,1,0.1,0,0.9124055880461496,0.6832098282110741,1,0,1,1
AEBP2,5e-8,31,1,0,0,0,1,0.03225806451612903,0,0.2732161512275117,0.971751683843675,1,0,1,1
AKAP6,5e-8,208,27,0,1,5,21,0.12980769230769232,0,1.2296442522834932,0.1871382409079337,0.6477862185274629,0,1,1
ANTXR2,5e-8,76,2,0,0,0,2,0.02631578947368421,0,0.22080343347589634,0.9983832226812894,1,0,1,1
ARGLU1,5e-8,13,3,0,0,0,3,0.23076923076923078,0,2.4665414492361752,0.16030387358334144,0.5848925117230026,0,1,1
ARHGAP15,5e-8,290,39,0,2,1,36,0.13448275862068965,0,1.284264142073789,0.09261531168921648,0.36773726700130077,0,1,1
ARHGAP33,5e-8,140,14,0,0,0,14,0.1,0,0.9115438646230135,0.6684112727527562,1,0,1,1
ARIH1,5e-8,17,1,0,0,0,1,0.058823529411764705,0,0.5129237565227265,0.8584022882415618,1,0,1,1
ATL2,5e-8,6,1,0,0,0,1,0.16666666666666666,0,1.6428426917483794,0.498218613104669,1,0,1,1
B3GAT2,5e-8,9,1,0,0,0,1,0.1111111111111111,0,1.026554084393691,0.6446029195806358,1,0,1,1
BNC1,5e-8,78,6,0,0,0,6,0.07692307692307693,0,0.6829513839236072,0.863596324627181,1,0,1,1
BSN,5e-8,309,41,0,6,0,35,0.13268608414239483,0,1.264429335379025,0.10103367577928477,0.3788762841723179,0,1,1
CACNG3,5e-8,12,0,0,0,0,0,0,0,0,1,1,0,1,1
CAPN7,5e-8,8,1,0,0,0,1,0.125,0,1.1732922578611202,0.6012949693437404,1,0,1,1
CD34,5e-8,148,19,0,0,1,18,0.12837837837837837,0,1.2125546914832968,0.2524212675156786,0.7896214634630223,0,1,1
CDH10,5e-8,11,0,0,0,0,0,0,0,0,1,1,0,1,1
CDH2,5e-8,41,2,0,0,0,2,0.04878048780487805,0,0.4202957205920656,0.946375859289633,1,0,1,1
CDH8,5e-8,48,17,0,1,0,16,0.3541666666666667,0,4.547841537471164,5.786311787592225e-6,6.008862240961157e-5,0,1,1
CELF4,5e-8,142,73,0,22,1,50,0.5140845070422535,0,9.130133398500977,1.4018813865191552e-33,1.8925398718008596e-31,0,1,1
CELF5,5e-8,238,10,0,0,0,10,0.04201680672268908,0,0.35538877724007223,0.9999423089017649,1,0,1,1
CHST9,5e-8,78,2,0,1,0,1,0.02564102564102564,0,0.21495354658813776,0.9986864249812109,1,0,1,1
CNGB1,5e-8,36,0,0,0,0,0,0,0,0,1,1,0,1,1
CNTN1,5e-8,55,7,0,0,1,6,0.12727272727272726,0,1.1986404801696506,0.3884153247003702,1,0,1,1
CNTNAP1,5e-8,92,2,0,0,0,2,0.021739130434782608,0,0.18128406853097526,0.9996975890911157,1,0,1,1
COL6A5,5e-8,14,0,0,0,0,0,0,0,0,1,1,0,1,1
CRTC1,5e-8,143,4,0,0,0,4,0.027972027972027972,0,0.23405000581609073,0.9999295467156637,1,0,1,1
CYP1B1,5e-8,44,2,0,0,0,2,0.045454545454545456,0,0.39016878117944553,0.959735531886051,1,0,1,1
DACH1,5e-8,143,1,0,0,0,1,0.006993006993006993,0,0.05712895346795624,0.9999999339492749,1,0,1,1
DAOA,5e-8,4,0,0,0,0,0,0,0,0,1,1,0,1,1
DCLK1,5e-8,45,4,0,0,0,4,0.08888888888888889,0,0.8006370618768921,0.7347884209147826,1,0,1,1
DGCR6L,5e-8,18,1,0,0,0,1,0.05555555555555555,0,0.48270912390340953,0.8737940941017284,1,0,1,1
DHX35,5e-8,22,0,0,0,0,0,0,0,0,1,1,0,1,1
DLG2,5e-8,100,19,0,0,2,17,0.19,0,1.9396162623945072,0.01048867063790609,0.05579120710210377,0,1,1
DPP10,5e-8,34,1,0,0,0,1,0.029411764705882353,0,0.24831093052725883,0.9800074123419003,1,0,1,1
DUOX2,5e-8,51,2,0,0,0,2,0.0392156862745098,0,0.3342183185355669,0.9796253429484542,1,0,1,1
EDEM1,5e-8,9,0,0,0,0,0,0,0,0,1,1,0,1,1
ELAVL2,5e-8,73,33,0,9,1,23,0.4520547945205479,0,6.919071076632992,8.588251192402333e-14,1.932356518290525e-12,0,1,1
ELAVL3,5e-8,112,2,0,0,0,2,0.017857142857142856,0,0.14805163929246415,0.9999642265023394,1,0,1,1
EMC2,5e-8,31,4,0,0,0,4,0.12903225806451613,0,1.2172584260703552,0.4385834161296505,1,0,1,1
EPHA4,5e-8,76,10,0,0,0,10,0.13157894736842105,0,1.2460957001935025,0.30866645435263385,0.850407578318481,0,1,1
FMNL3,5e-8,49,7,0,0,1,6,0.14285714285714285,0,1.3706041186159663,0.2791487602395903,0.8161963312854461,0,1,1
GABRA1,5e-8,8,2,0,1,0,1,0.25,0,2.7396971315888425,0.21264742830516425,0.7001805566145652,0,1,1
GABRA2,5e-8,31,10,0,0,0,10,0.3225806451612903,0,3.931415827422499,0.0011441118605194547,0.008923780521822357,0,1,1
GABRA5,5e-8,30,2,0,0,0,2,0.06666666666666667,0,0.58599183748086,0.852202666819811,1,0,1,1
GABRA6,5e-8,18,7,0,0,0,7,0.3888888888888889,0,5.24699955079431,0.00188736961187524,0.013410257768587232,0,1,1
GABRB2,5e-8,24,7,0,0,0,7,0.2916666666666667,0,3.3935734166021247,0.011483955242949583,0.05579120710210377,0,1,1
GABRB3,5e-8,33,2,0,0,0,2,0.06060606060606061,0,0.5291408410691149,0.8871522521665012,1,0,1,1
GABRG1,5e-8,38,10,0,0,0,10,0.2631578947368421,0,2.947089422548794,0.006033551790987587,0.03702406780833292,0,1,1
GAP43,5e-8,52,4,0,0,0,4,0.07692307692307693,0,0.6834267044746345,0.8305852850466966,1,0,1,1
GK2,5e-8,35,17,0,6,4,7,0.4857142857142857,0,7.83995422099105,2.4537899561646003e-8,3.3126164408222106e-7,0,1,1
GMDS,5e-8,218,1,0,0,0,1,0.0045871559633027525,0,0.03715594493030877,0.9999999999895703,1,0,1,1
GNPDA2,5e-8,10,2,0,0,0,2,0.2,0,2.0545008278165153,0.29714074190669043,0.8357083366125668,0,1,1
GRIA1,5e-8,151,49,0,4,18,27,0.32450331125827814,0,4.056744870426845,5.669728630627793e-13,1.0934476644782171e-11,0,1,1
GRIA2,5e-8,5,0,0,0,0,0,0,0,0,1,1,0,1,1
GRIA4,5e-8,36,8,0,1,0,7,0.2222222222222222,0,2.3542212091462837,0.036019237741527384,0.15685797080987732,0,1,1
GRIK1,5e-8,23,6,0,0,0,6,0.2608695652173913,0,2.9066018835792513,0.03230194332032187,0.14535874494144843,0,1,1
GRIK2,5e-8,115,24,0,5,0,19,0.20869565217391303,0,2.1869793088719316,0.0011898374029096477,0.008923780521822357,0,1,1
GRIK3,5e-8,46,40,0,13,0,27,0.8695652173913043,0,56.29457559788599,7.67883103440549e-33,5.183210948223705e-31,0,1,1
GRIN2A,5e-8,92,36,0,0,13,23,0.391304347826087,0,5.396344639964295,1.3383272226241889e-12,2.2584271881783187e-11,0,1,1
GRIN2B,5e-8,43,4,0,0,0,4,0.09302325581395349,0,0.8417956088375416,0.7009192081711016,1,0,1,1
GRM3,5e-8,66,33,0,0,15,18,0.5,0,8.390536004447798,2.101712265811332e-15,5.6746231176905966e-14,0,1,1
GRM4,5e-8,295,1,0,0,0,1,0.003389830508474576,0,0.027225230154015245,0.9999999999999988,1,0,1,1
GRM5,5e-8,224,55,0,28,0,27,0.24553571428571427,0,2.7440115078691085,3.6485309551665117e-9,5.472796432749767e-8,0,1,1
GRM7,5e-8,78,6,0,1,1,4,0.07692307692307693,0,0.6829513839236072,0.863596324627181,1,0,1,1
HS3ST2,5e-8,19,0,0,0,0,0,0,0,0,1,1,0,1,1
HSPB6,5e-8,146,17,0,0,0,17,0.11643835616438356,0,1.0833167132374468,0.417841933287234,1,0,1,1
ID2,5e-8,114,0,0,0,0,0,0,0,0,1,1,0,1,1
IGFLR1,5e-8,94,18,0,0,0,18,0.19148936170212766,0,1.9578187631097266,0.01157150962117708,0.05579120710210377,0,1,1
IL12RB2,5e-8,114,1,0,0,0,1,0.008771929824561403,0,0.07198733779377256,0.9999980805196352,1,0,1,1
KATNIP,5e-8,21,2,0,0,0,2,0.09523809523809523,0,0.8642359609128836,0.6817300108117146,1,0,1,1
KCNC1,5e-8,37,4,0,0,1,3,0.10810810810810811,0,0.9954117280119025,0.5814255040475667,1,0,1,1
KCND2,5e-8,25,6,0,0,0,6,0.24,0,2.6002345568555,0.04705765954709354,0.19852450121430087,0,1,1
KCNE4,5e-8,61,0,0,0,0,0,0,0,0,1,1,0,1,1
KCNIP1,5e-8,30,2,0,0,1,1,0.06666666666666667,0,0.58599183748086,0.852202666819811,1,0,1,1
KLHL1,5e-8,17,1,0,0,0,1,0.058823529411764705,0,0.5129237565227265,0.8584022882415618,1,0,1,1
KMT2B,5e-8,92,18,0,0,0,18,0.1956521739130435,0,2.0110628917363433,0.009283166826776571,0.05448815311368858,0,1,1
LIN37,5e-8,147,18,0,0,0,18,0.12244897959183673,0,1.1478590873945866,0.3301228725222972,0.8913317558102025,0,1,1
LRPAP1,5e-8,945,2,0,0,0,2,0.0021164021164021165,0,0.015961409047321493,1,1,0,1,1
LRRN1,5e-8,21,3,0,0,0,3,0.14285714285714285,0,1.3694936224320067,0.4027092474229992,1,0,1,1
LRRTM2,5e-8,9,3,0,0,0,3,0.3333333333333333,0,4.112777729108076,0.06500364130321458,0.2659239871495142,0,1,1
LSAMP,5e-8,171,43,0,13,2,28,0.25146198830409355,0,2.816869231479969,8.878052522458452e-8,1.08957917321081e-6,0,1,1
LY86,5e-8,100,0,0,0,0,0,0,0,0,1,1,0,1,1
MAFB,5e-8,869,0,0,0,0,0,0,0,0,1,1,0,1,1
MLN,5e-8,122,17,0,1,3,13,0.13934426229508196,0,1.3338068746162803,0.16910823682781204,0.6007792624145954,0,1,1
NALF1,5e-8,84,8,0,0,0,8,0.09523809523809523,0,0.8636217849438415,0.7045374965885439,1,0,1,1
NCAM2,5e-8,27,2,0,0,0,2,0.07407407407407407,0,0.6564863082131165,0.8076388454412153,1,0,1,1
NECAB1,5e-8,25,3,0,0,0,3,0.12,0,1.120089067293546,0.5199282893264394,1,0,1,1
NLGN1,5e-8,98,13,0,2,0,11,0.1326530612244898,0,1.2584772942678828,0.2632071544876741,0.7896214634630223,0,1,1
NMUR2,5e-8,12,1,0,0,0,1,0.08333333333333333,0,0.7464055189695414,0.748305054809548,1,0,1,1
NOVA1,5e-8,41,11,0,0,0,11,0.2682926829268293,0,3.027362761740518,0.0034463403242380323,0.02326279718860672,0,1,1
NPHS1,5e-8,116,7,0,0,0,7,0.0603448275862069,0,0.5249289651264024,0.9743049761074788,1,0,1,1
NRCAM,5e-8,21,1,0,0,0,1,0.047619047619047616,0,0.410192797701688,0.9106439041259122,1,0,1,1
NRGN,5e-8,58,20,0,0,16,4,0.3448275862068966,0,4.372063030933446,1.4316837571465888e-6,1.6106442267899124e-5,0,1,1
NTRK2,5e-8,52,8,0,1,0,7,0.15384615384615385,0,1.496038293709607,0.19794146352398395,0.6680524393934458,0,1,1
OGFRL1,5e-8,6,0,0,0,0,0,0,0,0,1,1,0,1,1
OPCML,5e-8,84,20,0,0,4,16,0.23809523809523808,0,2.589815287363427,5.275460218829311e-4,0.00474791419694638,0,1,1
PBX1,5e-8,78,3,0,1,0,2,0.038461538461538464,0,0.32700047043283686,0.9930764846081774,1,0,1,1
PCDH10,5e-8,23,1,0,0,0,1,0.043478260869565216,0,0.37283587051732653,0.9290205990061012,1,0,1,1
PDE3A,5e-8,348,5,0,2,0,3,0.014367816091954023,0,0.11641977107191612,0.9999999999996158,1,0,1,1
PLXNA2,5e-8,66,11,0,0,1,10,0.16666666666666666,0,1.647687727412997,0.09754489025245347,0.3762445766880348,0,1,1
PPA2,5e-8,122,13,0,0,0,13,0.10655737704918032,0,0.9792428541117757,0.5717869490283782,1,0,1,1
PPFIA2,5e-8,57,7,0,0,0,7,0.12280701754385964,0,1.1504795632737197,0.425404949322938,1,0,1,1
PRODH2,5e-8,127,9,0,0,0,9,0.07086614173228346,0,0.6238485482337833,0.9425948400269086,1,0,1,1
PROSER3,5e-8,148,17,0,0,0,17,0.11486486486486487,0,1.0665737611171984,0.44078870897972183,1,0,1,1
PRPH2,5e-8,32,0,0,0,0,0,0,0,0,1,1,0,1,1
PSENEN,5e-8,94,18,0,0,0,18,0.19148936170212766,0,1.9578187631097266,0.01157150962117708,0.05579120710210377,0,1,1
RBFOX1,5e-8,234,70,0,17,1,52,0.29914529914529914,0,3.6429321364163747,6.984574123660717e-16,2.357293766735492e-14,0,1,1
RNF144A,5e-8,33,1,0,0,0,1,0.030303030303030304,0,0.25609382470014136,0.9775655974366937,1,0,1,1
RORB,5e-8,81,11,0,0,1,10,0.13580246913580246,0,1.2928748455848715,0.2608363180948554,0.7896214634630223,0,1,1
RREB1,5e-8,482,16,0,0,0,16,0.03319502074688797,0,0.2732933524511198,0.9999999998653863,1,0,1,1
RTN4R,5e-8,27,3,0,0,0,3,0.1111111111111111,0,1.0265938458685306,0.5736622844649091,1,0,1,1
SCG2,5e-8,15,0,0,0,0,0,0,0,0,1,1,0,1,1
SCN2A,5e-8,61,13,0,0,0,13,0.21311475409836064,0,2.236041456291472,0.012522980253702715,0.058296632215512637,0,1,1
SEMA6D,5e-8,205,76,0,12,4,60,0.37073170731707317,0,5.068261758310885,1.9794928236312284e-23,8.907717706340528e-22,0,1,1
SERBP1,5e-8,39,1,0,0,0,1,0.02564102564102564,0,0.21554072224509332,0.9887649045516991,1,0,1,1
SH3GL3,5e-8,81,4,0,0,0,4,0.04938271604938271,0,0.4249123850493002,0.9809570438103167,1,0,1,1
SLC4A3,5e-8,31,0,0,0,0,0,0,0,0,1,1,0,1,1
SLC6A11,5e-8,10,1,0,0,0,1,0.1,0,0.9124055880461496,0.6832098282110741,1,0,1,1
SLC6A15,5e-8,132,25,0,12,0,13,0.1893939393939394,0,1.9361873125590352,0.00384843259601271,0.024739923831510278,0,1,1
SLIT2,5e-8,71,10,0,0,2,8,0.14084507042253522,0,1.3488382328575446,0.23806955415978778,0.7652235669421751,0,1,1
SPDYC,5e-8,110,1,0,0,0,1,0.00909090909090909,0,0.07465650217190915,0.9999969469789798,1,0,1,1
SPSB1,5e-8,135,0,0,0,0,0,0,0,0,1,1,0,1,1
STXBP1,5e-8,75,2,0,0,0,2,0.02666666666666667,0,0.2238485774585711,0.9982067112668332,1,0,1,1
SYT4,5e-8,134,17,0,1,0,16,0.12686567164179105,0,1.1957013807103523,0.2841572412623405,0.8161963312854461,0,1,1
TENT4A,5e-8,28,1,0,0,1,0,0.03571428571428571,0,0.30365570580357304,0.960090406500834,1,0,1,1
TMPRSS15,5e-8,12,2,0,1,0,1,0.16666666666666666,0,1.6433239335947023,0.3801521860860442,1,0,1,1
TRHR,5e-8,51,2,0,0,1,1,0.0392156862745098,0,0.3342183185355669,0.9796253429484542,1,0,1,1
U2AF1L4,5e-8,94,18,0,0,0,18,0.19148936170212766,0,1.9578187631097266,0.01157150962117708,0.05579120710210377,0,1,1
UBR2,5e-8,67,0,0,0,0,0,0,0,0,1,1,0,1,1
UTP20,5e-8,48,1,0,0,0,1,0.020833333333333332,0,0.17412445942769672,0.9960209575679162,1,0,1,1
VSNL1,5e-8,31,0,0,0,0,0,0,0,0,1,1,0,1,1
ZFHX3,5e-8,306,20,0,1,0,19,0.06535947712418301,0,0.5678454325419292,0.9966637897860984,1,0,1,1
ZWINT,5e-8,17,9,0,0,0,9,0.5294117647058824,0,9.288833223670418,2.2003982381460284e-5,2.12181258678367e-4,0,1,1
ADCY2,1e-10,20,2,0,0,0,2,0.1,0,1.480026945819015,0.41259788729304453,1,0,1,1
ADGRG1,1e-10,39,0,0,0,0,0,0,0,0,1,1,0,1,1
ADRA2C,1e-10,3,0,0,0,0,0,0,0,0,1,1,0,1,1
AEBP2,1e-10,13,0,0,0,0,0,0,0,0,1,1,0,1,1
AKAP6,1e-10,127,13,0,0,3,10,0.10236220472440945,0,1.5296983398085287,0.10579911615523224,0.5101028814627269,0,1,1
ANTXR2,1e-10,54,0,0,0,0,0,0,0,0,1,1,0,1,1
ARGLU1,1e-10,6,3,0,0,0,3,0.5,0,13.361700152860973,0.005791327812034431,0.04114890813813938,0,1,1
ARHGAP15,1e-10,195,12,0,0,1,11,0.06153846153846154,0,0.8696506913930682,0.7193290938574222,1,0,1,1
ARHGAP33,1e-10,111,10,0,0,0,10,0.09009009009009009,0,1.323194680225852,0.24731056390548353,0.8346731531810069,0,1,1
ARIH1,1e-10,7,0,0,0,0,0,0,0,0,1,1,0,1,1
ATL2,1e-10,4,0,0,0,0,0,0,0,0,1,1,0,1,1
B3GAT2,1e-10,6,0,0,0,0,0,0,0,0,1,1,0,1,1
BNC1,1e-10,53,3,0,0,0,3,0.05660377358490566,0,0.797230952982912,0.7267481855342577,1,0,1,1
BSN,1e-10,226,23,0,1,0,22,0.10176991150442478,0,1.5295534555307622,0.04350383456210914,0.24470906941186393,0,1,1
CACNG3,1e-10,6,0,0,0,0,0,0,0,0,1,1,0,1,1
CAPN7,1e-10,2,0,0,0,0,0,0,0,0,1,1,0,1,1
CD34,1e-10,84,2,0,0,0,2,0.023809523809523808,0,0.32208736148849976,0.9837753582364415,1,0,1,1
CDH10,1e-10,6,0,0,0,0,0,0,0,0,1,1,0,1,1
CDH2,1e-10,23,1,0,0,0,1,0.043478260869565216,0,0.60408183908304,0.8115944940005916,1,0,1,1
CDH8,1e-10,19,6,0,0,0,6,0.3157894736842105,0,6.194689320064694,0.001402572434705197,0.015778939890433465,0,1,1
CELF4,1e-10,74,41,0,8,1,32,0.5540540540540541,0,17.76606898091291,1.3210113026330559e-28,1.7833652585546255e-26,0,1,1
CELF5,1e-10,182,3,0,0,0,3,0.016483516483516484,0,0.21875839495479435,0.9998203611220777,1,0,1,1
CHST9,1e-10,54,1,0,1,0,0,0.018518518518518517,0,0.24970735137202768,0.9802961837815619,1,0,1,1
CNGB1,1e-10,24,0,0,0,0,0,0,0,0,1,1,0,1,1
CNTN1,1e-10,32,3,0,0,0,3,0.09375,0,1.3784164038342237,0.38948876204489835,1,0,1,1
CNTNAP1,1e-10,65,1,0,0,0,1,0.015384615384615385,0,0.2064771086037861,0.9911764084561931,1,0,1,1
COL6A5,1e-10,6,0,0,0,0,0,0,0,0,1,1,0,1,1
CRTC1,1e-10,93,0,0,0,0,0,0,0,0,1,1,0,1,1
CYP1B1,1e-10,25,0,0,0,0,0,0,0,0,1,1,0,1,1
DACH1,1e-10,119,0,0,0,0,0,0,0,0,1,1,0,1,1
DAOA,1e-10,3,0,0,0,0,0,0,0,0,1,1,0,1,1
DCLK1,1e-10,25,2,0,0,0,2,0.08,0,1.157545227494599,0.5299796657690637,1,0,1,1
DGCR6L,1e-10,14,1,0,0,0,1,0.07142857142857142,0,1.0235408448097008,0.6377446624074816,1,0,1,1
DHX35,1e-10,10,0,0,0,0,0,0,0,0,1,1,0,1,1
DLG2,1e-10,52,8,0,0,0,8,0.15384615384615385,0,2.4398716712092745,0.02665250335396274,0.16608516541012625,0,1,1
DPP10,1e-10,7,0,0,0,0,0,0,0,0,1,1,0,1,1
DUOX2,1e-10,44,1,0,0,0,1,0.022727272727272728,0,0.3081998777157069,0.9591403327927772,1,0,1,1
EDEM1,1e-10,6,0,0,0,0,0,0,0,0,1,1,0,1,1
ELAVL2,1e-10,44,23,0,8,0,15,0.5227272727272727,0,15.148685712163928,8.546147610071871e-16,2.884324818399256e-14,0,1,1
ELAVL3,1e-10,92,0,0,0,0,0,0,0,0,1,1,0,1,1
EMC2,1e-10,15,2,0,0,0,2,0.13333333333333333,0,2.050562603288676,0.28259237065011034,0.9074183161093476,0,1,1
EPHA4,1e-10,40,3,0,0,0,3,0.075,0,1.0792094656230817,0.5369786290406252,1,0,1,1
FMNL3,1e-10,16,2,0,0,0,2,0.125,0,1.9039329440199728,0.3091943891928147,0.9074183161093476,0,1,1
GABRA1,1e-10,3,1,0,0,0,1,0.3333333333333333,0,6.659596940812574,0.1954154042329791,0.7537451306129194,0,1,1
GABRA2,1e-10,17,3,0,0,0,3,0.17647058823529413,0,2.8608009744841905,0.11123092160655972,0.5177991178236401,0,1,1
GABRA5,1e-10,13,1,0,0,0,1,0.07692307692307693,0,1.1089585560782989,0.6104701332252933,1,0,1,1
GABRA6,1e-10,8,2,0,0,0,2,0.25,0,4.4461963602035315,0.10313847391890477,0.5101028814627269,0,1,1
GABRB2,1e-10,10,2,0,0,0,2,0.2,0,3.333992339861592,0.15130632685552267,0.61898042804532,0,1,1
GABRB3,1e-10,13,1,0,0,0,1,0.07692307692307693,0,1.1089585560782989,0.6104701332252933,1,0,1,1
GABRG1,1e-10,18,3,0,0,0,3,0.16666666666666666,0,2.66964155533171,0.12689115736449746,0.5710102081402386,0,1,1
GAP43,1e-10,29,4,0,0,0,4,0.13793103448275862,0,2.136990896866219,0.1408199020866134,0.6126124069929172,0,1,1
GK2,1e-10,13,5,0,3,1,1,0.38461538461538464,0,8.378328299892884,0.0013159978876808942,0.015778939890433465,0,1,1
GMDS,1e-10,150,0,0,0,0,0,0,0,0,1,1,0,1,1
GNPDA2,1e-10,5,1,0,0,0,1,0.2,0,3.329741118350318,0.3040167813071172,0.9074183161093476,0,1,1
GRIA1,1e-10,62,15,0,0,7,8,0.24193548387096775,0,4.33607533176876,1.6482469688382008e-5,2.472370453257301e-4,0,1,1
GRIA2,1e-10,3,0,0,0,0,0,0,0,0,1,1,0,1,1
GRIA4,1e-10,17,4,0,0,0,4,0.23529411764705882,0,4.115601915975293,0.02706573065942798,0.16608516541012625,0,1,1
GRIK1,1e-10,9,1,0,0,0,1,0.1111111111111111,0,1.6642458395247823,0.479281475740304,1,0,1,1
GRIK2,1e-10,49,5,0,2,0,3,0.10204081632653061,0,1.5165687302681965,0.2560863661675213,0.8432112056735457,0,1,1
GRIK3,1e-10,20,18,0,6,0,12,0.9,0,123.76216033151232,2.0343462105246847e-19,1.3731836921041621e-17,0,1,1
GRIN2A,1e-10,40,13,0,0,4,9,0.325,0,6.5339216894428676,1.7166878245643667e-6,3.310755090231278e-5,0,1,1
GRIN2B,1e-10,9,0,0,0,0,0,0,0,0,1,1,0,1,1
GRM3,1e-10,28,12,0,0,7,5,0.42857142857142855,0,10.172594196274126,1.3050477630549402e-7,2.9363574668736154e-6,0,1,1
GRM4,1e-10,220,1,0,0,0,1,0.004545454545454545,0,0.059030091001955165,0.9999999057539242,1,0,1,1
GRM5,1e-10,141,20,0,13,0,7,0.14184397163120568,0,2.2441413614681602,0.0018101725731802824,0.01879794595225678,0,1,1
GRM7,1e-10,26,1,0,0,0,1,0.038461538461538464,0,0.53137327613464,0.8485120420398309,1,0,1,1
HS3ST2,1e-10,4,0,0,0,0,0,0,0,0,1,1,0,1,1
HSPB6,1e-10,107,10,0,0,0,10,0.09345794392523364,0,1.3785062621403756,0.21357852957257384,0.7792730133053369,0,1,1
ID2,1e-10,92,0,0,0,0,0,0,0,0,1,1,0,1,1
IGFLR1,1e-10,56,10,0,0,0,10,0.17857142857142858,0,2.9269064597344068,0.004902129395513243,0.03676597046634932,0,1,1
IL12RB2,1e-10,90,1,0,0,0,1,0.011111111111111112,0,0.14796751760125956,0.9985849289673883,1,0,1,1
KATNIP,1e-10,13,0,0,0,0,0,0,0,0,1,1,0,1,1
KCNC1,1e-10,19,1,0,0,0,1,0.05263157894736842,0,0.7387275531258036,0.7480452930413195,1,0,1,1
KCND2,1e-10,13,1,0,0,0,1,0.07692307692307693,0,1.1089585560782989,0.6104701332252933,1,0,1,1
KCNE4,1e-10,44,0,0,0,0,0,0,0,0,1,1,0,1,1
KCNIP1,1e-10,12,1,0,0,0,1,0.08333333333333333,0,1.2099354367010182,0.5811460945274987,1,0,1,1
KLHL1,1e-10,7,0,0,0,0,0,0,0,0,1,1,0,1,1
KMT2B,1e-10,54,10,0,0,0,10,0.18518518518518517,0,3.06074445758699,0.003735486309131657,0.03602076083805526,0,1,1
LIN37,1e-10,108,10,0,0,0,10,0.09259259259259259,0,1.3642539619325111,0.22183125605557943,0.7880847254606111,0,1,1
LRPAP1,1e-10,775,0,0,0,0,0,0,0,0,1,1,0,1,1
LRRN1,1e-10,6,0,0,0,0,0,0,0,0,1,1,0,1,1
LRRTM2,1e-10,5,2,0,0,0,2,0.4,0,8.894107796533506,0.04233318116965084,0.24470906941186393,0,1,1
LSAMP,1e-10,73,12,0,3,1,8,0.1643835616438356,0,2.6530062150827094,0.004357937852744895,0.03676597046634932,0,1,1
LY86,1e-10,68,0,0,0,0,0,0,0,0,1,1,0,1,1
MAFB,1e-10,703,0,0,0,0,0,0,0,0,1,1,0,1,1
MLN,1e-10,68,4,0,0,1,3,0.058823529411764705,0,0.8303664750381677,0.7096043144342644,1,0,1,1
NALF1,1e-10,33,2,0,0,0,2,0.06060606060606061,0,0.8579095279293459,0.682174494964007,1,0,1,1
NCAM2,1e-10,17,0,0,0,0,0,0,0,0,1,1,0,1,1
NECAB1,1e-10,11,2,0,0,0,2,0.18181818181818182,0,2.9632552151692426,0.17676634732125387,0.7018663790696845,0,1,1
NLGN1,1e-10,56,9,0,2,0,7,0.16071428571428573,0,2.5731287438355372,0.014744122028955394,0.0995228236954489,0,1,1
NMUR2,1e-10,4,0,0,0,0,0,0,0,0,1,1,0,1,1
NOVA1,1e-10,17,2,0,0,0,2,0.11764705882352941,0,1.7767163311650178,0.33558951820431526,0.9639273395230332,0,1,1
NPHS1,1e-10,98,6,0,0,0,6,0.061224489795918366,0,0.8662967208391722,0.6902744444187094,1,0,1,1
NRCAM,1e-10,9,0,0,0,0,0,0,0,0,1,1,0,1,1
NRGN,1e-10,47,14,0,0,11,3,0.2978723404255319,0,5.762848122055916,2.234560462133377e-6,3.7708207798500736e-5,0,1,1
NTRK2,1e-10,17,0,0,0,0,0,0,0,0,1,1,0,1,1
OGFRL1,1e-10,1,0,0,0,0,0,0,0,0,1,1,0,1,1
OPCML,1e-10,27,3,0,0,2,1,0.1111111111111111,0,1.6666749751622656,0.29154261201615045,0.9074183161093476,0,1,1
PBX1,1e-10,48,1,0,0,0,1,0.020833333333333332,0,0.2818161316314655,0.9694755776025237,1,0,1,1
PCDH10,1e-10,10,0,0,0,0,0,0,0,0,1,1,0,1,1
PDE3A,1e-10,205,1,0,0,0,1,0.004878048780487805,0,0.06350996548081732,0.9999997116537769,1,0,1,1
PLXNA2,1e-10,31,5,0,0,0,5,0.16129032258064516,0,2.57256642929401,0.06157023806791783,0.3324792855667563,0,1,1
PPA2,1e-10,86,9,0,0,0,9,0.10465116279069768,0,1.5642944778272454,0.14521182980572853,0.6126124069929172,0,1,1
PPFIA2,1e-10,30,2,0,0,0,2,0.06666666666666667,0,0.9502137358410359,0.630392678688178,1,0,1,1
PRODH2,1e-10,104,8,0,0,0,8,0.07692307692307693,0,1.1103635349005605,0.4430589693316507,1,0,1,1
PROSER3,1e-10,110,10,0,0,0,10,0.09090909090909091,0,1.336604357472676,0.2387026544400108,0.826278419215422,0,1,1
PRPH2,1e-10,22,0,0,0,0,0,0,0,0,1,1,0,1,1
PSENEN,1e-10,56,10,0,0,0,10,0.17857142857142858,0,2.9269064597344068,0.004902129395513243,0.03676597046634932,0,1,1
RBFOX1,1e-10,98,34,0,11,0,23,0.3469387755102041,0,7.464367277908294,7.092578249109548e-16,2.884324818399256e-14,0,1,1
RNF144A,1e-10,20,0,0,0,0,0,0,0,0,1,1,0,1,1
RORB,1e-10,45,4,0,0,0,4,0.08888888888888889,0,1.3002269537133677,0.38651936720061203,1,0,1,1
RREB1,1e-10,366,4,0,0,0,4,0.01092896174863388,0,0.14078972829196168,0.9999999930527277,1,0,1,1
RTN4R,1e-10,13,0,0,0,0,0,0,0,0,1,1,0,1,1
SCG2,1e-10,11,0,0,0,0,0,0,0,0,1,1,0,1,1
SCN2A,1e-10,20,2,0,0,0,2,0.1,0,1.480026945819015,0.41259788729304453,1,0,1,1
SEMA6D,1e-10,92,32,0,2,1,29,0.34782608695652173,0,7.468812654913711,4.7558700379028635e-15,1.2840849102337732e-13,0,1,1
SERBP1,1e-10,22,1,0,0,0,1,0.045454545454545456,0,0.6329345372094047,0.797391776306009,1,0,1,1
SH3GL3,1e-10,55,1,0,0,0,1,0.01818181818181818,0,0.24504957247624634,0.9816830661619229,1,0,1,1
SLC4A3,1e-10,10,0,0,0,0,0,0,0,0,1,1,0,1,1
SLC6A11,1e-10,5,1,0,0,0,1,0.2,0,3.329741118350318,0.3040167813071172,0.9074183161093476,0,1,1
SLC6A15,1e-10,69,13,0,5,0,8,0.18840579710144928,0,3.1385883907971013,8.43244417353118e-4,0.011383799634267094,0,1,1
SLIT2,1e-10,45,5,0,0,0,5,0.1111111111111111,0,1.6691219209938088,0.2036830210626649,0.7638113289849934,0,1,1
SPDYC,1e-10,79,0,0,0,0,0,0,0,0,1,1,0,1,1
SPSB1,1e-10,99,0,0,0,0,0,0,0,0,1,1,0,1,1
STXBP1,1e-10,50,0,0,0,0,0,0,0,0,1,1,0,1,1
SYT4,1e-10,73,9,0,0,0,9,0.1232876712328767,0,1.8854568373837943,0.06685251732494524,0.34711883995644643,0,1,1
TENT4A,1e-10,15,0,0,0,0,0,0,0,0,1,1,0,1,1
TMPRSS15,1e-10,4,0,0,0,0,0,0,0,0,1,1,0,1,1
TRHR,1e-10,25,0,0,0,0,0,0,0,0,1,1,0,1,1
U2AF1L4,1e-10,56,10,0,0,0,10,0.17857142857142858,0,2.9269064597344068,0.004902129395513243,0.03676597046634932,0,1,1
UBR2,1e-10,50,0,0,0,0,0,0,0,0,1,1,0,1,1
UTP20,1e-10,33,0,0,0,0,0,0,0,0,1,1,0,1,1
VSNL1,1e-10,15,0,0,0,0,0,0,0,0,1,1,0,1,1
ZFHX3,1e-10,188,9,0,0,0,9,0.047872340425531915,0,0.6635380175748291,0.9170069472276107,1,0,1,1
ZWINT,1e-10,5,0,0,0,0,0,0,0,0,1,1,0,1,1
ADCY2,1e-12,10,0,0,0,0,0,0,0,0,1,1,0,1,1
ADGRG1,1e-12,20,0,0,0,0,0,0,0,0,1,1,0,1,1
ADRA2C,1e-12,2,0,0,0,0,0,0,0,0,1,1,0,1,1
AEBP2,1e-12,7,0,0,0,0,0,0,0,0,1,1,0,1,1
AKAP6,1e-12,92,9,0,0,1,8,0.09782608695652174,0,2.213684928723011,0.029782304483257104,0.22171271115313623,0,1,1
ANTXR2,1e-12,39,0,0,0,0,0,0,0,0,1,1,0,1,1
ARGLU1,1e-12,4,2,0,0,0,2,0.5,0,20.156659976839602,0.012658364851449578,0.1304785300072495,0,1,1
ARHGAP15,1e-12,137,4,0,0,0,4,0.029197080291970802,0,0.5971693945856242,0.8972739883279248,1,0,1,1
ARHGAP33,1e-12,85,3,0,0,0,3,0.03529411764705882,0,0.7306503443092578,0.7766279095679705,1,0,1,1
ARIH1,1e-12,7,0,0,0,0,0,0,0,0,1,1,0,1,1
ATL2,1e-12,3,0,0,0,0,0,0,0,0,1,1,0,1,1
B3GAT2,1e-12,3,0,0,0,0,0,0,0,0,1,1,0,1,1
BNC1,1e-12,37,2,0,0,0,2,0.05405405405405406,0,1.1468334098693829,0.5307373826152227,1,0,1,1
BSN,1e-12,191,18,0,1,0,17,0.09424083769633508,0,2.1625114054527437,0.003979523729846881,0.07017830365214676,0,1,1
CACNG3,1e-12,3,0,0,0,0,0,0,0,0,1,1,0,1,1
CAPN7,1e-12,2,0,0,0,0,0,0,0,0,1,1,0,1,1
CD34,1e-12,55,1,0,0,0,1,0.01818181818181818,0,0.36905072944398687,0.9321008082564903,1,0,1,1
CDH10,1e-12,2,0,0,0,0,0,0,0,0,1,1,0,1,1
CDH2,1e-12,14,0,0,0,0,0,0,0,0,1,1,0,1,1
CDH8,1e-12,12,3,0,0,0,3,0.25,0,6.742913390737975,0.016946648098141087,0.16220363179649325,0,1,1
CELF4,1e-12,55,29,0,6,1,22,0.5272727272727272,0,24.855733471693327,1.1512964060489191e-24,1.5427371841055516e-22,0,1,1
CELF5,1e-12,142,1,0,0,0,1,0.007042253521126761,0,0.13907623056251253,0.9990874548891054,1,0,1,1
CHST9,1e-12,43,0,0,0,0,0,0,0,0,1,1,0,1,1
CNGB1,1e-12,18,0,0,0,0,0,0,0,0,1,1,0,1,1
CNTN1,1e-12,22,3,0,0,0,3,0.13636363636363635,0,3.1889407426469045,0.083854853112357,0.40130536846627995,0,1,1
CNTNAP1,1e-12,40,1,0,0,0,1,0.025,0,0.5123842791888832,0.8582280512801177,1,0,1,1
COL6A5,1e-12,2,0,0,0,0,0,0,0,0,1,1,0,1,1
CRTC1,1e-12,81,0,0,0,0,0,0,0,0,1,1,0,1,1
CYP1B1,1e-12,12,0,0,0,0,0,0,0,0,1,1,0,1,1
DACH1,1e-12,90,0,0,0,0,0,0,0,0,1,1,0,1,1
DAOA,1e-12,1,0,0,0,0,0,0,0,0,1,1,0,1,1
DCLK1,1e-12,16,1,0,0,0,1,0.0625,0,1.3379110989419243,0.541473493866582,1,0,1,1
DGCR6L,1e-12,13,1,0,0,0,1,0.07692307692307693,0,1.6732076083125451,0.4691982516819424,1,0,1,1
DHX35,1e-12,6,0,0,0,0,0,0,0,0,1,1,0,1,1
DLG2,1e-12,32,4,0,0,0,4,0.125,0,2.8913131720567065,0.06301194668805132,0.3345010208221137,0,1,1
DPP10,1e-12,6,0,0,0,0,0,0,0,0,1,1,0,1,1
DUOX2,1e-12,32,1,0,0,0,1,0.03125,0,0.6455502769657461,0.7902225877214942,1,0,1,1
EDEM1,1e-12,4,0,0,0,0,0,0,0,0,1,1,0,1,1
ELAVL2,1e-12,21,10,0,3,0,7,0.47619047619047616,0,18.85183576438417,1.1027287625280895e-8,3.6941413544691e-7,0,1,1
ELAVL3,1e-12,74,0,0,0,0,0,0,0,0,1,1,0,1,1
EMC2,1e-12,11,1,0,0,0,1,0.09090909090909091,0,2.00849061016977,0.41481657938126504,1,0,1,1
EPHA4,1e-12,28,2,0,0,0,2,0.07142857142857142,0,1.5462426467086419,0.3868498209941221,1,0,1,1
FMNL3,1e-12,10,0,0,0,0,0,0,0,0,1,1,0,1,1
GABRA1,1e-12,1,0,0,0,0,0,0,0,0,1,1,0,1,1
GABRA2,1e-12,8,2,0,0,0,2,0.25,0,6.72182410133587,0.052078714298782816,0.3172067143653135,0,1,1
GABRA5,1e-12,2,0,0,0,0,0,0,0,0,1,1,0,1,1
GABRA6,1e-12,4,0,0,0,0,0,0,0,0,1,1,0,1,1
GABRB2,1e-12,4,0,0,0,0,0,0,0,0,1,1,0,1,1
GABRB3,1e-12,3,0,0,0,0,0,0,0,0,1,1,0,1,1
GABRG1,1e-12,9,2,0,0,0,2,0.2222222222222222,0,5.759624291071272,0.06490318314458922,0.3345010208221137,0,1,1
GAP43,1e-12,16,3,0,0,0,3,0.1875,0,4.664918525870402,0.037505910646118856,0.2645153698199961,0,1,1
GK2,1e-12,7,2,0,1,1,0,0.2857142857142857,0,8.066283220069133,0.04030115881820088,0.2700177640819459,0,1,1
GMDS,1e-12,119,0,0,0,0,0,0,0,0,1,1,0,1,1
GNPDA2,1e-12,4,0,0,0,0,0,0,0,0,1,1,0,1,1
GRIA1,1e-12,25,7,0,0,2,5,0.28,0,7.970787786999481,1.1608667258815963e-4,0.0025926023544688985,0,1,1
GRIA4,1e-12,13,3,0,0,0,3,0.23076923076923078,0,6.066689628357927,0.02127062669060795,0.1900175984360977,0,1,1
GRIK1,1e-12,4,0,0,0,0,0,0,0,0,1,1,0,1,1
GRIK2,1e-12,32,4,0,2,0,2,0.125,0,2.8913131720567065,0.06301194668805132,0.3345010208221137,0,1,1
GRIK3,1e-12,10,9,0,4,0,5,0.9,0,185.9582351082035,1.0398608557800878e-11,4.6447118224843917e-10,0,1,1
GRIN2A,1e-12,17,3,0,0,1,2,0.17647058823529413,0,4.331195523020359,0.04398793097317288,0.2806848928764365,0,1,1
GRIN2B,1e-12,6,0,0,0,0,0,0,0,0,1,1,0,1,1
GRM3,1e-12,16,4,0,0,3,1,0.25,0,6.76415223830035,0.0057609055236836895,0.07017830365214676,0,1,1
GRM4,1e-12,182,1,0,0,0,1,0.005494505494505495,0,0.10752933395128846,0.9998770507431141,1,0,1,1
GRM5,1e-12,110,12,0,7,0,5,0.10909090909090909,0,2.5215142020179795,0.00566662225042076,0.07017830365214676,0,1,1
GRM7,1e-12,19,1,0,0,0,1,0.05263157894736842,0,1.1143563970310606,0.6039386712373278,1,0,1,1
HS3ST2,1e-12,4,0,0,0,0,0,0,0,0,1,1,0,1,1
HSPB6,1e-12,83,3,0,0,0,3,0.03614457831325301,0,0.7491929029981185,0.7625909437063804,1,0,1,1
ID2,1e-12,77,0,0,0,0,0,0,0,0,1,1,0,1,1
IGFLR1,1e-12,36,3,0,0,0,3,0.08333333333333333,0,1.8316576630341246,0.24321114436917068,0.8883282686208486,0,1,1
IL12RB2,1e-12,70,0,0,0,0,0,0,0,0,1,1,0,1,1
KATNIP,1e-12,5,0,0,0,0,0,0,0,0,1,1,0,1,1
KCNC1,1e-12,13,0,0,0,0,0,0,0,0,1,1,0,1,1
KCND2,1e-12,7,0,0,0,0,0,0,0,0,1,1,0,1,1
KCNE4,1e-12,34,0,0,0,0,0,0,0,0,1,1,0,1,1
KCNIP1,1e-12,8,0,0,0,0,0,0,0,0,1,1,0,1,1
KLHL1,1e-12,4,0,0,0,0,0,0,0,0,1,1,0,1,1
KMT2B,1e-12,36,3,0,0,0,3,0.08333333333333333,0,1.8316576630341246,0.24321114436917068,0.8883282686208486,0,1,1
LIN37,1e-12,83,3,0,0,0,3,0.03614457831325301,0,0.7491929029981185,0.7625909437063804,1,0,1,1
LRPAP1,1e-12,596,0,0,0,0,0,0,0,0,1,1,0,1,1
LRRN1,1e-12,4,0,0,0,0,0,0,0,0,1,1,0,1,1
LRRTM2,1e-12,3,1,0,0,0,1,0.3333333333333333,0,10.0479163346067,0.1358692134247641,0.5873056322231738,0,1,1
LSAMP,1e-12,44,7,0,1,0,6,0.1590909090909091,0,3.865665423082384,0.004269487125453479,0.07017830365214676,0,1,1
LY86,1e-12,62,0,0,0,0,0,0,0,0,1,1,0,1,1
MAFB,1e-12,577,0,0,0,0,0,0,0,0,1,1,0,1,1
MLN,1e-12,52,2,0,0,0,2,0.038461538461538464,0,0.8006144813239702,0.7153468230138713,1,0,1,1
NALF1,1e-12,20,2,0,0,0,2,0.1,0,2.236573258375614,0.24528467118635372,0.8883282686208486,0,1,1
NCAM2,1e-12,15,0,0,0,0,0,0,0,0,1,1,0,1,1
NECAB1,1e-12,8,1,0,0,0,1,0.125,0,2.870453782017882,0.32266557718879174,1,0,1,1
NLGN1,1e-12,37,5,0,1,0,4,0.13513513513513514,0,3.171709110172644,0.029250592027533023,0.22171271115313623,0,1,1
NMUR2,1e-12,3,0,0,0,0,0,0,0,0,1,1,0,1,1
NOVA1,1e-12,12,1,0,0,0,1,0.08333333333333333,0,1.8255588896389072,0.44266788235004395,1,0,1,1
NPHS1,1e-12,77,2,0,0,0,2,0.025974025974025976,0,0.5312991794211896,0.8875261427572312,1,0,1,1
NRCAM,1e-12,6,0,0,0,0,0,0,0,0,1,1,0,1,1
NRGN,1e-12,36,6,0,0,5,1,0.16666666666666666,0,4.076146712505894,0.006355129525984011,0.07096561304015478,0,1,1
NTRK2,1e-12,11,0,0,0,0,0,0,0,0,1,1,0,1,1
OGFRL1,1e-12,1,0,0,0,0,0,0,0,0,1,1,0,1,1
OPCML,1e-12,13,2,0,0,2,0,0.15384615384615385,0,3.6636252967290392,0.12430345036726159,0.5729727850060639,0,1,1
PBX1,1e-12,36,1,0,0,0,1,0.027777777777777776,0,0.5713583316582437,0.827533380019019,1,0,1,1
PCDH10,1e-12,7,0,0,0,0,0,0,0,0,1,1,0,1,1
PDE3A,1e-12,148,1,0,0,0,1,0.006756756756756757,0,0.13324973998039302,0.9993237894566132,1,0,1,1
PLXNA2,1e-12,19,3,0,0,0,3,0.15789473684210525,0,3.7882767813891083,0.0584920611343168,0.3345010208221137,0,1,1
PPA2,1e-12,62,7,0,0,0,7,0.11290322580645161,0,2.5920331434718706,0.026604296856689788,0.22171271115313623,0,1,1
PPFIA2,1e-12,18,1,0,0,0,1,0.05555555555555555,0,1.180109042967564,0.5841210864220401,1,0,1,1
PRODH2,1e-12,81,2,0,0,0,2,0.024691358024691357,0,0.5040256464143017,0.903804543460468,1,0,1,1
PROSER3,1e-12,85,3,0,0,0,3,0.03529411764705882,0,0.7306503443092578,0.7766279095679705,1,0,1,1
PRPH2,1e-12,18,0,0,0,0,0,0,0,0,1,1,0,1,1
PSENEN,1e-12,36,3,0,0,0,3,0.08333333333333333,0,1.8316576630341246,0.24321114436917068,0.8883282686208486,0,1,1
RBFOX1,1e-12,59,15,0,4,0,11,0.2542372881355932,0,7.169809167514697,5.836702320701355e-8,1.564236221947963e-6,0,1,1
RNF144A,1e-12,18,0,0,0,0,0,0,0,0,1,1,0,1,1
RORB,1e-12,32,0,0,0,0,0,0,0,0,1,1,0,1,1
RREB1,1e-12,284,3,0,0,0,3,0.01056338028169014,0,0.2053688021926306,0.9999122751354175,1,0,1,1
RTN4R,1e-12,11,0,0,0,0,0,0,0,0,1,1,0,1,1
SCG2,1e-12,9,0,0,0,0,0,0,0,0,1,1,0,1,1
SCN2A,1e-12,6,1,0,0,0,1,0.16666666666666666,0,4.019674152413413,0.253336353540492,0.8933439835375244,0,1,1
SEMA6D,1e-12,59,20,0,1,1,18,0.3389830508474576,0,11.003804051166052,9.046772011786376e-13,6.061337247896872e-11,0,1,1
SERBP1,1e-12,14,0,0,0,0,0,0,0,0,1,1,0,1,1
SH3GL3,1e-12,37,0,0,0,0,0,0,0,0,1,1,0,1,1
SLC4A3,1e-12,6,0,0,0,0,0,0,0,0,1,1,0,1,1
SLC6A11,1e-12,5,1,0,0,0,1,0.2,0,5.024353051401064,0.21606460816045103,0.8883282686208486,0,1,1
SLC6A15,1e-12,46,7,0,2,0,5,0.15217391304347827,0,3.6656996845153786,0.005500508684000297,0.07017830365214676,0,1,1
SLIT2,1e-12,35,4,0,0,0,4,0.11428571428571428,0,2.610017692306011,0.0822863415278549,0.40130536846627995,0,1,1
SPDYC,1e-12,69,0,0,0,0,0,0,0,0,1,1,0,1,1
SPSB1,1e-12,70,0,0,0,0,0,0,0,0,1,1,0,1,1
STXBP1,1e-12,31,0,0,0,0,0,0,0,0,1,1,0,1,1
SYT4,1e-12,41,4,0,0,0,4,0.0975609756097561,0,2.184591327615001,0.12827748918046206,0.5729727850060639,0,1,1
TENT4A,1e-12,10,0,0,0,0,0,0,0,0,1,1,0,1,1
TMPRSS15,1e-12,2,0,0,0,0,0,0,0,0,1,1,0,1,1
TRHR,1e-12,13,0,0,0,0,0,0,0,0,1,1,0,1,1
U2AF1L4,1e-12,36,3,0,0,0,3,0.08333333333333333,0,1.8316576630341246,0.24321114436917068,0.8883282686208486,0,1,1
UBR2,1e-12,37,0,0,0,0,0,0,0,0,1,1,0,1,1
UTP20,1e-12,27,0,0,0,0,0,0,0,0,1,1,0,1,1
VSNL1,1e-12,12,0,0,0,0,0,0,0,0,1,1,0,1,1
ZFHX3,1e-12,133,4,0,0,0,4,0.03007518796992481,0,0.6161468449278423,0.8839030962912621,1,0,1,1
ZWINT,1e-12,3,0,0,0,0,0,0,0,0,1,1,0,1,1
ADCY2,1e-20,5,0,0,0,0,0,0,0,0,1,1,0,1,1
ADGRG1,1e-20,6,0,0,0,0,0,0,0,0,1,1,0,1,1
AEBP2,1e-20,1,0,0,0,0,0,0,0,0,1,1,0,1,1
AKAP6,1e-20,42,0,0,0,0,0,0,0,0,1,1,0,1,1
ANTXR2,1e-20,18,0,0,0,0,0,0,0,0,1,1,0,1,1
ARHGAP15,1e-20,63,1,0,0,0,1,0.015873015873015872,0,1.0394731320677322,0.6258388089737275,1,0,1,1
ARHGAP33,1e-20,43,0,0,0,0,0,0,0,0,1,1,0,1,1
ARIH1,1e-20,1,0,0,0,0,0,0,0,0,1,1,0,1,1
ATL2,1e-20,1,0,0,0,0,0,0,0,0,1,1,0,1,1
B3GAT2,1e-20,1,0,0,0,0,0,0,0,0,1,1,0,1,1
BNC1,1e-20,18,0,0,0,0,0,0,0,0,1,1,0,1,1
BSN,1e-20,111,5,0,0,0,5,0.04504504504504504,0,3.333838531276457,0.025207585541618824,0.4501354561003362,0,1,1
CD34,1e-20,29,0,0,0,0,0,0,0,0,1,1,0,1,1
CDH10,1e-20,1,0,0,0,0,0,0,0,0,1,1,0,1,1
CDH2,1e-20,5,0,0,0,0,0,0,0,0,1,1,0,1,1
CDH8,1e-20,5,0,0,0,0,0,0,0,0,1,1,0,1,1
CELF4,1e-20,14,5,0,0,0,5,0.35714285714285715,0,40.50266064400667,1.1644660767697325e-6,7.277912979810829e-5,0,1,1
CELF5,1e-20,73,0,0,0,0,0,0,0,0,1,1,0,1,1
CHST9,1e-20,17,0,0,0,0,0,0,0,0,1,1,0,1,1
CNGB1,1e-20,13,0,0,0,0,0,0,0,0,1,1,0,1,1
CNTN1,1e-20,6,1,0,0,0,1,0.16666666666666666,0,13.139527116696783,0.08841019862703392,0.78937677345566,0,1,1
CNTNAP1,1e-20,11,1,0,0,0,1,0.09090909090909091,0,6.568473172559676,0.15622633955037069,1,0,1,1
COL6A5,1e-20,1,0,0,0,0,0,0,0,0,1,1,0,1,1
CRTC1,1e-20,35,0,0,0,0,0,0,0,0,1,1,0,1,1
CYP1B1,1e-20,6,0,0,0,0,0,0,0,0,1,1,0,1,1
DACH1,1e-20,53,0,0,0,0,0,0,0,0,1,1,0,1,1
DAOA,1e-20,1,0,0,0,0,0,0,0,0,1,1,0,1,1
DCLK1,1e-20,4,0,0,0,0,0,0,0,0,1,1,0,1,1
DGCR6L,1e-20,8,0,0,0,0,0,0,0,0,1,1,0,1,1
DHX35,1e-20,3,0,0,0,0,0,0,0,0,1,1,0,1,1
DLG2,1e-20,6,1,0,0,0,1,0.16666666666666666,0,13.139527116696783,0.08841019862703392,0.78937677345566,0,1,1
DPP10,1e-20,2,0,0,0,0,0,0,0,0,1,1,0,1,1
DUOX2,1e-20,19,1,0,0,0,1,0.05263157894736842,0,3.6414979537647723,0.254634025577804,1,0,1,1
ELAVL2,1e-20,6,1,0,1,0,0,0.16666666666666666,0,13.139527116696783,0.08841019862703392,0.78937677345566,0,1,1
ELAVL3,1e-20,44,0,0,0,0,0,0,0,0,1,1,0,1,1
EMC2,1e-20,4,1,0,0,0,1,0.25,0,21.877690441111582,0.05982165669847783,0.78937677345566,0,1,1
EPHA4,1e-20,14,0,0,0,0,0,0,0,0,1,1,0,1,1
FMNL3,1e-20,5,0,0,0,0,0,0,0,0,1,1,0,1,1
GABRA2,1e-20,3,0,0,0,0,0,0,0,0,1,1,0,1,1
GABRA5,1e-20,1,0,0,0,0,0,0,0,0,1,1,0,1,1
GABRA6,1e-20,1,0,0,0,0,0,0,0,0,1,1,0,1,1
GABRB2,1e-20,1,0,0,0,0,0,0,0,0,1,1,0,1,1
GABRB3,1e-20,1,0,0,0,0,0,0,0,0,1,1,0,1,1
GABRG1,1e-20,3,0,0,0,0,0,0,0,0,1,1,0,1,1
GAP43,1e-20,5,2,0,0,0,2,0.4,0,44.72933410449267,0.0022144997640564804,0.05536249410141201,0,1,1
GK2,1e-20,1,0,0,0,0,0,0,0,0,1,1,0,1,1
GMDS,1e-20,60,0,0,0,0,0,0,0,0,1,1,0,1,1
GNPDA2,1e-20,1,0,0,0,0,0,0,0,0,1,1,0,1,1
GRIA1,1e-20,3,0,0,0,0,0,0,0,0,1,1,0,1,1
GRIA4,1e-20,4,2,0,0,0,2,0.5,0,66.90161393521305,0.0013416640529288796,0.05536249410141201,0,1,1
GRIK1,1e-20,2,0,0,0,0,0,0,0,0,1,1,0,1,1
GRIK2,1e-20,10,0,0,0,0,0,0,0,0,1,1,0,1,1
GRIN2A,1e-20,1,0,0,0,0,0,0,0,0,1,1,0,1,1
GRIN2B,1e-20,2,0,0,0,0,0,0,0,0,1,1,0,1,1
GRM3,1e-20,1,0,0,0,0,0,0,0,0,1,1,0,1,1
GRM4,1e-20,102,1,0,0,0,1,0.00980392156862745,0,0.6280171970013163,0.7989680632397189,1,0,1,1
GRM5,1e-20,60,1,0,1,0,0,0.016666666666666666,0,1.0936188976242096,0.6076847607854701,1,0,1,1
GRM7,1e-20,5,0,0,0,0,0,0,0,0,1,1,0,1,1
HS3ST2,1e-20,1,0,0,0,0,0,0,0,0,1,1,0,1,1
HSPB6,1e-20,42,0,0,0,0,0,0,0,0,1,1,0,1,1
ID2,1e-20,54,0,0,0,0,0,0,0,0,1,1,0,1,1
IGFLR1,1e-20,13,0,0,0,0,0,0,0,0,1,1,0,1,1
IL12RB2,1e-20,37,0,0,0,0,0,0,0,0,1,1,0,1,1
KATNIP,1e-20,1,0,0,0,0,0,0,0,0,1,1,0,1,1
KCNC1,1e-20,6,0,0,0,0,0,0,0,0,1,1,0,1,1
KCND2,1e-20,5,0,0,0,0,0,0,0,0,1,1,0,1,1
KCNE4,1e-20,13,0,0,0,0,0,0,0,0,1,1,0,1,1
KCNIP1,1e-20,1,0,0,0,0,0,0,0,0,1,1,0,1,1
KMT2B,1e-20,13,0,0,0,0,0,0,0,0,1,1,0,1,1
LIN37,1e-20,42,0,0,0,0,0,0,0,0,1,1,0,1,1
LRPAP1,1e-20,256,0,0,0,0,0,0,0,0,1,1,0,1,1
LRRN1,1e-20,3,0,0,0,0,0,0,0,0,1,1,0,1,1
LRRTM2,1e-20,1,0,0,0,0,0,0,0,0,1,1,0,1,1
LSAMP,1e-20,13,2,0,0,0,2,0.15384615384615385,0,12.243769348508543,0.01598746578141228,0.33307220377942254,0,1,1
LY86,1e-20,26,0,0,0,0,0,0,0,0,1,1,0,1,1
MAFB,1e-20,232,0,0,0,0,0,0,0,0,1,1,0,1,1
MLN,1e-20,20,0,0,0,0,0,0,0,0,1,1,0,1,1
NALF1,1e-20,4,0,0,0,0,0,0,0,0,1,1,0,1,1
NCAM2,1e-20,8,0,0,0,0,0,0,0,0,1,1,0,1,1
NECAB1,1e-20,3,0,0,0,0,0,0,0,0,1,1,0,1,1
NLGN1,1e-20,9,0,0,0,0,0,0,0,0,1,1,0,1,1
NMUR2,1e-20,1,0,0,0,0,0,0,0,0,1,1,0,1,1
NOVA1,1e-20,3,0,0,0,0,0,0,0,0,1,1,0,1,1
NPHS1,1e-20,42,0,0,0,0,0,0,0,0,1,1,0,1,1
NRCAM,1e-20,4,0,0,0,0,0,0,0,0,1,1,0,1,1
NRGN,1e-20,22,0,0,0,0,0,0,0,0,1,1,0,1,1
NTRK2,1e-20,3,0,0,0,0,0,0,0,0,1,1,0,1,1
OPCML,1e-20,3,0,0,0,0,0,0,0,0,1,1,0,1,1
PBX1,1e-20,9,0,0,0,0,0,0,0,0,1,1,0,1,1
PCDH10,1e-20,1,0,0,0,0,0,0,0,0,1,1,0,1,1
PDE3A,1e-20,88,0,0,0,0,0,0,0,0,1,1,0,1,1
PLXNA2,1e-20,8,1,0,0,0,1,0.125,0,9.386144157098194,0.11615106011384746,0.9679255009487289,0,1,1
PPA2,1e-20,28,2,0,0,0,2,0.07142857142857142,0,5.158193671297282,0.06712893095590616,0.78937677345566,0,1,1
PPFIA2,1e-20,1,0,0,0,0,0,0,0,0,1,1,0,1,1
PRODH2,1e-20,43,0,0,0,0,0,0,0,0,1,1,0,1,1
PROSER3,1e-20,43,0,0,0,0,0,0,0,0,1,1,0,1,1
PRPH2,1e-20,16,0,0,0,0,0,0,0,0,1,1,0,1,1
PSENEN,1e-20,13,0,0,0,0,0,0,0,0,1,1,0,1,1
RBFOX1,1e-20,28,2,0,1,0,1,0.07142857142857142,0,5.158193671297282,0.06712893095590616,0.78937677345566,0,1,1
RNF144A,1e-20,7,0,0,0,0,0,0,0,0,1,1,0,1,1
RORB,1e-20,7,0,0,0,0,0,0,0,0,1,1,0,1,1
RREB1,1e-20,128,1,0,0,0,1,0.0078125,0,0.49407683467563085,0.8678749742832146,1,0,1,1
RTN4R,1e-20,9,0,0,0,0,0,0,0,0,1,1,0,1,1
SCG2,1e-20,3,0,0,0,0,0,0,0,0,1,1,0,1,1
SCN2A,1e-20,2,0,0,0,0,0,0,0,0,1,1,0,1,1
SEMA6D,1e-20,14,5,0,0,0,5,0.35714285714285715,0,40.50266064400667,1.1644660767697325e-6,7.277912979810829e-5,0,1,1
SERBP1,1e-20,8,0,0,0,0,0,0,0,0,1,1,0,1,1
SH3GL3,1e-20,21,0,0,0,0,0,0,0,0,1,1,0,1,1
SLC4A3,1e-20,2,0,0,0,0,0,0,0,0,1,1,0,1,1
SLC6A11,1e-20,1,0,0,0,0,0,0,0,0,1,1,0,1,1
SLC6A15,1e-20,16,0,0,0,0,0,0,0,0,1,1,0,1,1
SLIT2,1e-20,5,1,0,0,0,1,0.2,0,16.41538129490123,0.0742234459320833,0.78937677345566,0,1,1
SPDYC,1e-20,38,0,0,0,0,0,0,0,0,1,1,0,1,1
SPSB1,1e-20,33,0,0,0,0,0,0,0,0,1,1,0,1,1
STXBP1,1e-20,13,0,0,0,0,0,0,0,0,1,1,0,1,1
SYT4,1e-20,5,2,0,0,0,2,0.4,0,44.72933410449267,0.0022144997640564804,0.05536249410141201,0,1,1
TENT4A,1e-20,3,0,0,0,0,0,0,0,0,1,1,0,1,1
TMPRSS15,1e-20,2,0,0,0,0,0,0,0,0,1,1,0,1,1
TRHR,1e-20,1,0,0,0,0,0,0,0,0,1,1,0,1,1
U2AF1L4,1e-20,13,0,0,0,0,0,0,0,0,1,1,0,1,1
UBR2,1e-20,28,0,0,0,0,0,0,0,0,1,1,0,1,1
UTP20,1e-20,11,0,0,0,0,0,0,0,0,1,1,0,1,1
VSNL1,1e-20,6,0,0,0,0,0,0,0,0,1,1,0,1,1
ZFHX3,1e-20,52,0,0,0,0,0,0,0,0,1,1,0,1,1
ZWINT,1e-20,1,0,0,0,0,0,0,0,0,1,1,0,1,1
