;Mean;Upper;Lower;p
dCCD-hOCD;1.3329865331072277;1.5333333333333334;1.1719745222929936;2.313e-05
hOCD-hDEP;2.3072999715393507;2.596549564270152;2.028735632183908;1.392e-68
dCCD-hDEP;2.5076953252025924;2.788235294117647;2.257142857142857;2.146999999999999e-122
hOCD-hSCH;1.5261014820587047;1.7181208053691275;1.3617021276595744;3.157e-14
dCCD-hSCH;2.1496447369046554;2.3850267379679146;1.9391304347826086;1.5389999999999998e-73
dHeight-hHeight2;1.2946052773572982;1.3918495297805642;1.196765498652291;1.085e-10
dCCD-hRA;0.9300531920440924;1.0380434782608696;0.841225171960739;0.8814
hOCD-hRA;1.1674175621776959;1.3112566648280928;1.0374331550802138;0.01154
dCCD-hHeight2;0.9462880480051232;1.0174884811929295;0.88;0.8939
hOCD-hHeight2;0.8413631786126613;0.9105580052087362;0.7767584097859327;0.9997
dCCD-hDIA;1.128135942737591;1.2727272727272727;0.9940828402366864;0.0512
hOCD-hDIA;1.1265123862418926;1.2924528301886793;0.9785714285714285;0.08545