,z_comb,z_12,observed_overlap,expected_overlap_mean,expected_overlap_std,empirical_p,obs_exp
0,2,1.0,880,480.01,17.07893146540497,1.3341504113805281e-121,1.83329513968459
1,2,1.5,496,229.15,13.430096797864115,3.733348797314975e-88,2.1645210560768056
2,2,2.0,182,73.49,6.850540124690899,8.290075999297987e-57,2.476527418696421
3,3,1.0,618,312.27,15.083669977827014,1.2090486535670551e-91,1.9790565856470363
4,3,1.5,462,206.16,12.124124710674995,3.833980475612108e-99,2.240977881257276
5,3,2.0,182,72.77,7.0552887963569555,2.2947995855457054e-54,2.5010306444963586
6,4,1.0,430,205.0,11.655041827466775,2.4401254400358403e-83,2.0975609756097557
7,4,1.5,360,156.17,11.091487727081521,1.0009651694401094e-75,2.305180252289172
8,4,2.0,182,74.12,9.034688705207284,3.632928825476253e-33,2.4554776038855906
9,5,1.0,318,152.26,10.49535135190814,1.7729257621732286e-56,2.08853277288848
10,5,1.5,275,112.36,9.623429742041036,2.2335846856453838e-64,2.4474902100391605
11,5,2.0,171,64.63,6.946445134023589,3.1367549073512214e-53,2.6458301098561043
12,9,1.0,149,80.24,8.893953001899662,5.331249861784916e-15,1.8569292123629115
13,9,1.5,113,52.82,6.070222401197505,1.809861090168637e-23,2.1393411586520257
14,9,2.0,72,30.67,5.085381008341461,2.1962751724544448e-16,2.3475709162047598
15,12,1.0,109,63.96,8.121477698054708,1.4631594763316571e-08,1.7041901188242652
16,12,1.5,86,43.91,6.040024834386031,1.6015260710243134e-12,1.9585515827829652
17,12,2.0,48,25.82,4.846400726312259,2.3630567743550216e-06,1.8590240123934931
