	CD_MemberList	CD_MemberList_Size	CD_Labeled	CD_MemberList_LogSize	CD_CommunityName	CD_AnnotatedMembers	CD_AnnotatedMembers_Size	CD_AnnotatedMembers_Overlap	CD_AnnotatedMembers_Pvalue	HiDeF_persistence	represents	name
0	ZNF804B DNAJA2 ING5 EED ATP1A2 TMEM80 ACACA RGS7BP SEZ6L2 RNF7 ATL3 ZBTB12 AJM1 KLRG2 TMEM139 ARIH2 CTDSP2 DYDC1 TNFRSF14 ZNF311 SUPT5H SCAND1 AADACL3 RBM41 CNTN6 WDR77 TCEA2 FCHSD1 COPZ1 APBB3 MSANTD2 YWHAB TUBB ZNF746 RBL1 LRRC24 ZSCAN18 LAMB2 TRBV2 ILVBL ZNF75D GTF2F1 CELF5 USP4 CCDC197 PHACTR1 STIP1 LHPP KLHL1 GLTP CNTNAP4 LRRTM3 ZDHHC5 TMEM161B LSAMP CMTR1 KRT8 NOVA1 RNF24 HCN1 TCEANC2 PSME2 XPNPEP3 ADGRA1 ZSCAN12 PM20D2 ZKSCAN7 ZKSCAN8 PRSS16 PGBD4 ZHX1-C8orf76 PPIE ZNF449 BFSP2 RFNG CSMD3 PGLS COMMD6 AK1 LMCD1 FAM171A1 C9orf152 METTL25B HHIPL1 IGSF21 NDUFAF3 PIERCE2 TNK1 CHL1 ZNF483 ZSCAN20 COQ6 KIR2DL2 MRFAP1L1 ZKSCAN2 PRICKLE2 GYPB C5orf63 KHDRBS2 APEH ZNF322 LRFN5 ATP5MC1 RCL1 ETFB SAMD11 LARP6 CEP76 CREBBP ACSF2 KLHL23 PARM1 IER3 GIMAP2 ZNF75A STAR MAGED2 SETMAR ZSCAN23 SYCE1L APOBEC3C KLF16 SERPING1 C3orf62 YPEL4 TMEM138 SSB NACA4P CELSR3 H4C11 DELE1 ZKSCAN4 AGAP7P ERAP2 UBE2H IPO8 HMGN4 IGLON5 ZSCAN9 ZNF24 ZNF862 RASGRF1 NIPSNAP3B KLHL31 KLHL6 FAM170A HLA-B THAP3 UBE2Z KRT3 ZNF248 KLHL34 CHMP1B ZNF391 AURKB CNTNAP3 THAP9 SERHL2 IMPDH2 RBKS VMA21 ODR4 VGLL2 CCDC183 YPEL2 MEF2C IPP IQCC KEAP1 CLTCL1 TRAM1L1 SFTA2 LCTL IL1RAPL1 BTN2A1 LINGO2 ZNF174 PEX5L ZFP69B RFPL3 DROSHA ZNF671 ZKSCAN1 P4HTM CLTC ZSCAN22 ZNF804A H3-3B TRIM34 ZNF274 P4HA3 MTA3 KLHL28 ZNF197 MAIP1 NES KLF13 MDM4 KIAA1549L KLHDC8B QRICH1 ZSCAN21 NRK FARS2 PXT1 KLHL35 ZNF165 MYO1H SRARP PFAS ZNF263 DGLUCY PPP1R26 NYNRIN PGBD2 HEATR4 SPATA20 PLEKHG7 SAPCD1 C10orf67 STAC SIGIRR SUPT4H1 WDR6 CCHCR1 ZNF496 NKAPL DSCAML1 CNTN3 TMEM71 KRBA2 CTNND1 CFC1 PGBD5 ENO2 CITED4 ZC3HC1 WIPF3 ZNF232 LRFN2 GART PSME1 IGLC3 WDR13 PABPC1L PPID TMEM107 OGFOD2 BRAP ZNF691 KLHL30 TAPBPL PCDHB12 L2HGDH PEX5 GSDMD LRRC61 MRFAP1 SPINDOC GLIPR1L2 RB1 ZBTB49 HARBI1 DGCR6 CIMAP2 PAIP2 RBP7 UBE2L6 KLHL14 EGLN2 CCDC87 FBXL2 ZNF397 PINK1 PDCL3 WFIKKN2 NCKIPSD ITPKC TMEM106A FLOT1 CCDC71 C2orf42 MUC22 ZKSCAN5 SDR42E1 KATNIP TXNDC9 NRGN GALK2 BTN3A2 BTN2A2 IGKV2D-29 DAOA PGBD1 DCANP1 TMEM234 ZSCAN16 NANOS1 ZNF445 PLXNA4 ZSCAN31 TMEM86B LINC00526 ZNF362 NECAB3 COG2 AGGF1 LRRN3 TMEM169 TMEM94 TREX2 FAM228B TMX2 LMNTD2 ME3 QARS1 BLK SCAND3 DNAJA1 CCDC71L CLP1 EP300 CLN8 BTN3A3 CPT2 GOLGA7B APOL3 VARS2 HNRNPCL4 FAXC KBTBD11 ATF7-NPFF ZSCAN30 ACTL9 ZSCAN1 TMEM63C DALRD3 BCAT2 RABEPK MED16 TRIM27 SPRED1 PFKL ZNF638 ASL ZBTB3 HSD3B2 CBLL2 HAUS1 SLC25A17 WT1-AS ZSCAN32 LCMT1 NTNG2 ACAA1 TULP3 TGIF2-RAB5IF ZKSCAN3 ZNF768 TRANK1 CNTNAP3B	361	False	8.496			0	0.0	0.0	0	C361	C361
1	NCKIPSD ZNF804B DNAJA2 ITPKC ING5 H3-3B TMEM106A KHDRBS2 TRIM34 FLOT1 EED P4HA3 ATP1A2 APEH TMEM80 ACACA MTA3 KLHL28 CCDC71 MUC22 MAIP1 SEZ6L2 SDR42E1 KATNIP NES ATP5MC1 KLF13 MDM4 KLHDC8B RCL1 RNF7 ATL3 ETFB SAMD11 ZBTB12 QRICH1 AJM1 NRK TXNDC9 KLRG2 TMEM139 LARP6 ARIH2 CTDSP2 DYDC1 TNFRSF14 ZNF311 FARS2 SUPT5H AADACL3 CEP76 GALK2 BTN3A2 RBM41 CREBBP BTN2A2 IGKV2D-29 ACSF2 KLHL35 MYO1H SRARP PFAS WDR77 DGLUCY TCEA2 PPP1R26 NYNRIN KLHL23 FCHSD1 COPZ1 TMEM234 NANOS1 APBB3 IER3 SPATA20 PLEKHG7 GIMAP2 SAPCD1 STAR YWHAB TUBB ZNF746 TMEM86B MAGED2 C10orf67 RBL1 STAC SIGIRR SYCE1L APOBEC3C SUPT4H1 LINC00526 NECAB3 COG2 WDR6 KLF16 LAMB2 CCHCR1 SERPING1 AGGF1 TMEM169 ILVBL TMEM94 C3orf62 YPEL4 TMEM138 GTF2F1 CELF5 SSB NACA4P USP4 TMEM71 TREX2 CCDC197 CTNND1 FAM228B TMX2 LMNTD2 CFC1 ME3 QARS1 ENO2 CITED4 H4C11 BLK PHACTR1 ZC3HC1 STIP1 WIPF3 LHPP DNAJA1 KLHL1 CCDC71L ERAP2 GLTP CLP1 GART PSME1 IGLC3 EP300 UBE2H ZDHHC5 CLN8 WDR13 BTN3A3 PABPC1L IPO8 PPID CMTR1 TMEM107 CPT2 OGFOD2 KRT8 BRAP APOL3 NOVA1 RNF24 HMGN4 KLHL30 VARS2 TAPBPL HNRNPCL4 HCN1 KBTBD11 ATF7-NPFF TCEANC2 ZNF862 ACTL9 PSME2 RASGRF1 NIPSNAP3B XPNPEP3 KLHL31 KLHL6 L2HGDH FAM170A HLA-B DALRD3 UBE2Z BCAT2 RABEPK MED16 KRT3 TRIM27 KLHL34 CHMP1B ZNF391 AURKB PFKL PEX5 GSDMD ZNF638 SERHL2 ZHX1-C8orf76 IMPDH2 RBKS MRFAP1 ASL PPIE HSD3B2 SPINDOC GLIPR1L2 RB1 VMA21 HAUS1 ODR4 SLC25A17 WT1-AS BFSP2 VGLL2 RFNG CCDC183 DGCR6 CSMD3 CIMAP2 PGLS COMMD6 PAIP2 YPEL2 MEF2C AK1 LMCD1 IPP IQCC RBP7 KEAP1 CLTCL1 C9orf152 UBE2L6 SFTA2 METTL25B HHIPL1 LCMT1 NDUFAF3 PIERCE2 BTN2A1 KLHL14 TNK1 EGLN2 PEX5L ACAA1 TULP3 TGIF2-RAB5IF RFPL3 COQ6 DROSHA CCDC87 ZNF768 TRANK1 FBXL2 KIR2DL2 MRFAP1L1 PINK1 PDCL3 P4HTM CLTC GYPB	257	False	8.006			0	0.0	0.0	137	C362	C362
2	THAP9 PARM1 ZNF804B AGAP7P LRFN2 APBB3 PGBD4 LRRC61 SPATA20 PLXNA4 CNTNAP4 LRRTM3 P4HA3 PGBD2 WDR13 ZNF746 LSAMP RGS7BP SEZ6L2 GOLGA7B SETMAR HARBI1 RFNG LRFN5 OGFOD2 LRRC24 NOVA1 CSMD3 KIAA1549L SIGIRR FAXC IGLON5 FAM171A1 NECAB3 PCDHB12 LRRN3 NTNG2 TRBV2 IGSF21 ZNF862 TMEM63C LCTL IL1RAPL1 TMEM94 DSCAML1 EGLN2 CELF5 ADGRA1 LINGO2 CNTN3 THAP3 CHL1 CNTN6 CELSR3 CFC1 DCANP1 CNTNAP3B PGBD5 P4HTM PRICKLE2 WFIKKN2 DELE1 CNTNAP3	63	False	5.977			0	0.0	0.0	8	C363	C363
3	ZNF232 ZKSCAN4 ZSCAN16 C5orf63 ZNF804A LRRC61 ZNF445 HEATR4 ZBTB3 ZNF75A ZNF274 MSANTD2 ZNF449 ZSCAN31 CBLL2 C2orf42 ZBTB49 ZKSCAN5 ZNF322 ZNF197 ZSCAN32 ZNF691 HMGN4 ZSCAN23 ZSCAN18 ZNF362 ZSCAN21 ZSCAN9 ZSCAN30 ZNF24 NRGN ZNF75D ZSCAN1 ZNF496 NKAPL SCAND1 ZNF174 ZFP69B PXT1 ZNF483 ZSCAN12 ZSCAN20 PM20D2 ZNF165 KRBA2 DAOA ZKSCAN7 ZKSCAN3 PGBD1 ZNF263 ZNF671 ZKSCAN1 ZKSCAN8 ZNF397 PRSS16 ZNF248 SPRED1 ZKSCAN2 ZNF391 SCAND3 ZSCAN22	61	False	5.931			0	0.0	0.0	101	C364	C364
4	THAP9 ZNF804A PGBD4 SPINDOC TMEM161B ZSCAN31 GOLGA7B SETMAR OGFOD2 HARBI1 COMMD6 FAXC COG2 TMEM169 NRGN NKAPL PXT1 THAP3 DAOA PGBD1 RABEPK PGBD5 PRSS16 PGBD2	24	False	4.585			0	0.0	0.0	9	C372	C372
5	TMX2 TRAM1L1 TMEM63C RNF24 TMEM71 TGIF2-RAB5IF	6	False	2.585			0	0.0	0.0	49	C404	C404
6	NCKIPSD AGAP7P STAC DCANP1 LRRC24 PRICKLE2 TMEM94 CNTNAP3B RBP7 ADGRA1 FCHSD1 WIPF3 FAM171A1 PCDHB12 CELSR3	15	False	3.907			0	0.0	0.0	11	C377	C377
7	ATF7-NPFF PARM1 VGLL2 MEF2C TMEM161B	5	False	2.322			0	0.0	0.0	50	C412	C412
8	C10orf67 SDR42E1 DGLUCY NIPSNAP3B AADACL3 HSD3B2 STAR AJM1 ACSF2	9	False	3.17			0	0.0	0.0	71	C389	C389
9	CPT2 BCAT2 SERHL2 ME3 ASL L2HGDH ACAA1 DALRD3 PFKL	9	False	3.17			0	0.0	0.0	11	C392	C392
10	SRARP SFTA2 ACTL9 BCAT2 FARS2 VARS2 CIMAP2 PIERCE2 QRICH1	9	False	3.17			0	0.0	0.0	53	C393	C393
11	AGGF1 ZNF768 ZNF638 MDM4 PPP1R26 MED16 EP300 RB1	8	False	3.0			0	0.0	0.0	5	C398	C398
12	C9orf152 CCDC71L ITPKC NES KRT8 CCDC71 SUPT4H1 NRK PPID	9	False	3.17			0	0.0	0.0	5	C402	C402
13	LMNTD2 SERHL2 NOVA1 KHDRBS2 CELF5 DALRD3	6	False	2.585			0	0.0	0.0	6	C409	C409
14	CTNND1 NANOS1 RASGRF1 PLEKHG7 NYNRIN	5	False	2.322			0	0.0	0.0	49	C413	C413
15	TMEM169 RABEPK COMMD6 SPINDOC COG2	5	False	2.322			0	0.0	0.0	56	C414	C414
16	AURKB FAM228B MYO1H HNRNPCL4	4	False	2.0			0	0.0	0.0	64	C421	C421
17	ING5 CMTR1 SUPT5H CTDSP2	4	False	2.0			0	0.0	0.0	27	C425	C425
18	APOBEC3C RNF7 LHPP TNFRSF14	4	False	2.0			0	0.0	0.0	18	C426	C426
19	ZNF746 ZNF862 PINK1 ZNF804B	4	False	2.0			0	0.0	0.0	9	C431	C431
20	ZDHHC5 ACACA EED DNAJA2	4	False	2.0			0	0.0	0.0	7	C437	C437
21	NES KRT8 KRT3 CCDC197	4	False	2.0			0	0.0	0.0	6	C439	C439
22	TXNDC9 MAIP1 CEP76 HAUS1	4	False	2.0			0	0.0	0.0	5	C441	C441
23	QARS1 LCMT1 MAGED2 PDCL3	4	False	2.0			0	0.0	0.0	5	C442	C442
24	NCKIPSD APBB3 SPATA20 SAPCD1 P4HA3 STAR WDR13 MUC22 ZNF746 SEZ6L2 KATNIP BFSP2 OGFOD2 RFNG CCDC183 STAC SIGIRR RBP7 IQCC ZBTB12 SAMD11 SYCE1L NECAB3 CCHCR1 ZNF862 DYDC1 ZNF311 TMEM94 EGLN2 CCDC197 FCHSD1 CFC1 BLK P4HTM WIPF3	35	False	5.129			0	0.0	0.0	8	C366	C366
25	TMEM234 GSDMD ERAP2 TMEM106A TRIM34 PSME1 GIMAP2 IGLC3 CLN8 TMEM80 BTN3A3 VMA21 TMEM86B ODR4 TMEM107 APOL3 TAPBPL APOBEC3C UBE2L6 SERPING1 TMEM139 METTL25B TNFRSF14 PSME2 TMEM138 BTN3A2 BTN2A1 NACA4P TULP3 BTN2A2 HLA-B TRANK1 KIR2DL2 ZNF391	34	False	5.087			0	0.0	0.0	13	C367	C367
26	TMEM234 TMEM106A ZHX1-C8orf76 UBE2H CLN8 TMEM80 VMA21 TMEM86B TMEM107 BRAP NOVA1 KLF13 YPEL2 SAMD11 LMCD1 KLF16 TMEM139 ARIH2 METTL25B HHIPL1 YPEL4 TMEM138 CELF5 TULP3 UBE2Z FBXL2 CHMP1B PHACTR1 ZC3HC1 GYPB	30	False	4.907			0	0.0	0.0	5	C369	C369
27	ZNF638 ING5 MRFAP1 EP300 GLIPR1L2 RB1 VGLL2 RBL1 MDM4 CSMD3 MEF2C KLRG2 ATF7-NPFF AGGF1 C3orf62 CREBBP USP4 IGKV2D-29 RFPL3 MED16 CITED4 MRFAP1L1 BLK	23	False	4.524			0	0.0	0.0	9	C373	C373
28	WT1-AS CCHCR1 CCDC87 BFSP2 DYDC1 SYCE1L ZNF311 CCDC183 CEP76 TRIM27 KRT3 RBM41 SAPCD1 ZBTB12 HAUS1 FAM170A LINC00526 MUC22 CCDC197	19	False	4.248			0	0.0	0.0	28	C374	C374
29	TMEM234 TMEM86B PEX5 TMEM139 METTL25B TMEM107 GLTP CLN8 TMEM106A TULP3 TREX2 TMEM138 PEX5L HCN1 ATP1A2 VMA21 TMEM80 SLC25A17	18	False	4.17			0	0.0	0.0	8	C376	C376
30	KLHL1 KLHL23 KLHL30 KLHDC8B KLHL31 KLHL6 KLHL14 IPP KLHL34 KBTBD11 KLHL28 KLHL35	12	False	3.585			0	0.0	0.0	121	C381	C381
31	THAP9 GOLGA7B SETMAR OGFOD2 HARBI1 PGBD4 PGBD5 FAXC THAP3 PGBD2	10	False	3.322			0	0.0	0.0	10	C387	C387
32	PARM1 ZNF804B AGAP7P LRFN2 LRRC61 PLXNA4 CNTNAP4 LRRTM3 LSAMP RGS7BP LRFN5 LRRC24 KIAA1549L CSMD3 IGLON5 FAM171A1 PCDHB12 LRRN3 LCTL TRBV2 IGSF21 NTNG2 TMEM63C IL1RAPL1 DSCAML1 LINGO2 ADGRA1 CNTN3 THAP3 CHL1 CNTN6 CELSR3 DCANP1 CNTNAP3B PRICKLE2 WFIKKN2 DELE1 CNTNAP3	38	False	5.248			0	0.0	0.0	55	C365	C365
33	ZNF746 SEZ6L2 ZNF862 CFC1 RFNG APBB3 SPATA20 EGLN2 P4HA3 P4HTM WDR13 NECAB3	12	False	3.585			0	0.0	0.0	65	C383	C383
34	ZNF232 C5orf63 ZNF445 ZNF75A ZNF449 ZKSCAN5 ZNF197 ZSCAN32 ZSCAN23 ZSCAN18 ZSCAN21 ZNF24 ZSCAN30 ZSCAN1 ZNF496 SCAND1 ZNF174 ZNF483 ZNF165 ZSCAN12 ZSCAN20 KRBA2 ZKSCAN3 ZKSCAN7 ZNF263 ZKSCAN1 ZKSCAN8 ZNF397 ZNF391 SCAND3 ZSCAN22	31	False	4.954			0	0.0	0.0	9	C368	C368
35	ZSCAN9 ZSCAN16 ZNF671 LRRC61 HEATR4 NKAPL SPRED1 PXT1 CBLL2 ZSCAN31	10	False	3.322			0	0.0	0.0	25	C388	C388
36	DAOA PGBD1 ZNF804A NRGN PRSS16	5	False	2.322			0	0.0	0.0	29	C417	C417
37	ZSCAN9 ZNF322 ZKSCAN4 ZNF671 ZNF75D HMGN4 ZBTB3 ZKSCAN2 ZFP69B MSANTD2 ZNF362 ZNF165 C2orf42 PM20D2	14	False	3.807			0	0.0	0.0	15	C380	C380
38	PARM1 ZNF804B LRFN2 LRRC61 PLXNA4 CNTNAP4 LRRTM3 LSAMP RGS7BP LRFN5 KIAA1549L IGLON5 LRRN3 LCTL TRBV2 IGSF21 NTNG2 IL1RAPL1 DSCAML1 LINGO2 CNTN3 THAP3 CHL1 CNTN6 CNTNAP3B WFIKKN2 DELE1 CNTNAP3	28	False	4.807			0	0.0	0.0	70	C370	C370
39	AGAP7P DCANP1 LRRC24 CNTNAP3B ADGRA1 PRICKLE2 FAM171A1 PCDHB12 CELSR3	9	False	3.17			0	0.0	0.0	48	C390	C390
40	CCHCR1 BFSP2 DYDC1 CCDC183 ZNF311 SAPCD1 ZBTB12 SYCE1L MUC22	9	False	3.17			0	0.0	0.0	40	C391	C391
41	NCKIPSD STAC TMEM94 RBP7 FCHSD1 WIPF3	6	False	2.585			0	0.0	0.0	42	C405	C405
42	TMEM234 TMEM86B TMEM139 METTL25B TMEM107 TMEM106A TMEM138 CLN8 TULP3 TMEM80 VMA21	11	False	3.459			0	0.0	0.0	105	C385	C385
43	GSDMD ERAP2 TRIM34 PSME1 GIMAP2 IGLC3 BTN3A3 VMA21 ODR4 APOL3 TAPBPL APOBEC3C UBE2L6 SERPING1 TNFRSF14 PSME2 BTN3A2 BTN2A1 NACA4P BTN2A2 HLA-B TRANK1 KIR2DL2 ZNF391	24	False	4.585			0	0.0	0.0	82	C371	C371
44	ZNF391 KRBA2 SCAND3 C5orf63	4	False	2.0			0	0.0	0.0	38	C423	C423
45	ZKSCAN7 SCAND1 ZKSCAN8 ZSCAN18 ZNF449 ZSCAN20 ZNF483 ZSCAN12	8	False	3.0			0	0.0	0.0	23	C394	C394
46	ZKSCAN5 ZNF496 ZSCAN1 ZSCAN22	4	False	2.0			0	0.0	0.0	8	C433	C433
47	ZNF445 ZNF263 ZNF75A ZNF165	4	False	2.0			0	0.0	0.0	8	C434	C434
48	ZNF397 ZKSCAN3 ZSCAN30 ZSCAN32	4	False	2.0			0	0.0	0.0	5	C444	C444
49	UBE2Z ZC3HC1 KLF16 ARIH2 HHIPL1 BRAP ZHX1-C8orf76 KLF13 FBXL2 NOVA1 YPEL4 YPEL2 UBE2H CHMP1B LMCD1 SAMD11 CELF5 PHACTR1 GYPB	19	False	4.248			0	0.0	0.0	8	C375	C375
50	LRRN3 RGS7BP LRFN2 NTNG2 TRBV2 IGSF21 LRFN5 IL1RAPL1 DSCAML1 LRRTM3 IGLON5 CNTN3 CHL1 CNTNAP3	14	False	3.807			0	0.0	0.0	6	C378	C378
51	LRRN3 RGS7BP LRFN2 NTNG2 TRBV2 IGSF21 LRFN5 IL1RAPL1 PLXNA4 LINGO2 CNTNAP4 CNTN3 LRRTM3 CNTN6	14	False	3.807			0	0.0	0.0	5	C379	C379
52	LSAMP ZNF804B KIAA1549L PLXNA4 CNTNAP4 WFIKKN2 DELE1 CNTN6	8	False	3.0			0	0.0	0.0	7	C397	C397
53	TRANK1 APOL3 TRIM34 BTN3A2 BTN2A1 GIMAP2 BTN2A2 BTN3A3	8	False	3.0			0	0.0	0.0	22	C395	C395
54	KIR2DL2 HLA-B NACA4P VMA21	4	False	2.0			0	0.0	0.0	14	C427	C427
55	THAP9 DAOA PGBD1 SETMAR ZNF804A NRGN PGBD4 PGBD5 PRSS16 FAXC THAP3 PGBD2	12	False	3.585			0	0.0	0.0	39	C382	C382
56	KLRG2 RBL1 ING5 MRFAP1 CSMD3 C3orf62 CITED4 CREBBP BLK MRFAP1L1 GLIPR1L2 RFPL3	12	False	3.585			0	0.0	0.0	19	C384	C384
57	AGGF1 ZNF638 MDM4 EP300 RB1	5	False	2.322			0	0.0	0.0	15	C418	C418
58	WT1-AS CCDC87 TRIM27 FAM170A LINC00526	5	False	2.322			0	0.0	0.0	43	C415	C415
59	KLF16 BRAP KLF13 FBXL2 YPEL4 YPEL2 UBE2H SAMD11 LMCD1 CHMP1B GYPB	11	False	3.459			0	0.0	0.0	54	C386	C386
60	UBE2Z HHIPL1 ZHX1-C8orf76 PHACTR1 ZC3HC1	5	False	2.322			0	0.0	0.0	67	C411	C411
61	PEX5 GLTP ATP1A2 HCN1 PEX5L TREX2 SLC25A17	7	False	2.807			0	0.0	0.0	33	C403	C403
62	ZNF322 ZKSCAN4 HMGN4 ZBTB3 MSANTD2 ZNF362 C2orf42 PM20D2	8	False	3.0			0	0.0	0.0	7	C396	C396
63	ZSCAN9 ZNF322 ZNF671 ZNF75D HMGN4 ZKSCAN2 MSANTD2 ZNF165	8	False	3.0			0	0.0	0.0	7	C399	C399
64	THAP9 SETMAR PGBD4 PGBD5 THAP3 PGBD2	6	False	2.585			0	0.0	0.0	20	C406	C406
65	KLRG2 MRFAP1 C3orf62 BLK MRFAP1L1 GLIPR1L2 RFPL3	7	False	2.807			0	0.0	0.0	11	C401	C401
66	CITED4 RFPL3 CSMD3 CREBBP	4	False	2.0			0	0.0	0.0	12	C428	C428
67	KLF16 KLF13 YPEL4 SAMD11 LMCD1 GYPB	6	False	2.585			0	0.0	0.0	7	C408	C408
68	BRAP YPEL2 UBE2H CHMP1B	4	False	2.0			0	0.0	0.0	10	C430	C430
69	ZSCAN9 ZNF671 LRRC61 HEATR4 NKAPL PXT1	6	False	2.585			0	0.0	0.0	6	C410	C410
70	CBLL2 ZSCAN31 SPRED1 ZSCAN16	4	False	2.0			0	0.0	0.0	10	C429	C429
71	CPT2 BCAT2 ME3 ASL ACAA1 PFKL	6	False	2.585			0	0.0	0.0	17	C407	C407
72	PIERCE2 SRARP QRICH1 ACTL9	4	False	2.0			0	0.0	0.0	14	C435	C435
73	VARS2 BCAT2 SFTA2 CIMAP2	4	False	2.0			0	0.0	0.0	7	C438	C438
74	ZKSCAN7 SCAND1 ZKSCAN8 ZNF483 ZSCAN12	5	False	2.322			0	0.0	0.0	23	C416	C416
75	ZBTB3 ZNF362 C2orf42 ZKSCAN4	4	False	2.0			0	0.0	0.0	28	C424	C424
76	ZSCAN9 ZNF671 ZNF75D ZKSCAN2 ZNF165	5	False	2.322			0	0.0	0.0	6	C419	C419
77	C9orf152 CCDC71L ITPKC NES KRT8 CCDC71 NRK	7	False	2.807			0	0.0	0.0	47	C400	C400
78	KLRG2 MRFAP1 C3orf62 MRFAP1L1 GLIPR1L2	5	False	2.322			0	0.0	0.0	5	C420	C420
79	TREX2 GLTP HCN1 ATP1A2	4	False	2.0			0	0.0	0.0	6	C440	C440
80	BCAT2 PFKL ACAA1 ASL	4	False	2.0			0	0.0	0.0	5	C443	C443
81	KHDRBS2 LMNTD2 NOVA1 CELF5	4	False	2.0			0	0.0	0.0	41	C422	C422
82	ZSCAN9 PXT1 ZNF671 NKAPL	4	False	2.0			0	0.0	0.0	8	C432	C432
83	ZSCAN9 LRRC61 HEATR4 ZNF671	4	False	2.0			0	0.0	0.0	7	C436	C436
