"variant_id","association_id","study_id","pvalue","pvalue_mantissa","pvalue_exponent","or_per_copy","beta_num","beta_unit","queried_gene"
"rs35918434","88928518","GCST90000047",1e-08,1,-8,NA,0.0136731,"unit","NECAB1"
"rs12675931","95158694","GCST90095190",6e-07,6,-7,NA,34.404503,"z score","NECAB1"
"rs74569896","94063244","GCST90093363",1e-06,1,-6,1.9,NA,NA,"NECAB1"
"rs77237080","117710517","GCST90292527",4e-09,4,-9,NA,0.028,"unit","NECAB1"
"rs2062882","53502414","GCST009096",1e-08,1,-8,NA,0.012,"unit","NECAB1"
"rs112291703","102329306","GCST90129574",2e-07,2,-7,NA,0.85667,"unit","NECAB1"
"rs112291703","102327421","GCST90129569",1e-05,1,-5,NA,0.80943,"unit","NECAB1"
"rs12545279","188318993","GCST90469861",2e-13,2,-13,NA,0.04029623,"unit","NECAB1"
"rs6471243","191853973","GCST90662894",2e-11,2,-11,NA,0.0121,"unit","NECAB1"
"rs10102274","14218783","GCST003134",2e-06,2,-6,NA,0.853,"unit","NECAB1"
"rs76541360","91625354","GCST012353",3e-12,3,-12,NA,0.73,"unit","NECAB1"
"rs2740792","36101108","GCST007087",2e-07,2,-7,NA,NA,NA,"NECAB1"
"rs2631033","164570293","GCST90492678",2e-08,2,-8,NA,0.010950873,"unit","NECAB1"
"rs112551212","102329321","GCST90129574",2e-07,2,-7,NA,0.89362,"unit","NECAB1"
"rs10112439","214348012","GCST90708780",3e-08,3,-8,NA,NA,NA,"NECAB1"
"rs62526892","98430123","GCST90131901",4e-09,4,-9,NA,0.006,"unit","NECAB1"
"rs10504901","98430129","GCST90131901",1e-10,1,-10,NA,0.007,"unit","NECAB1"
"rs7005565","63950149","GCST011703",2e-09,2,-9,1.024,NA,NA,"NECAB1"
"rs4735342","214496259","GCST90572789",4e-10,4,-10,NA,0.013,"unit","NECAB1"
"rs6471249","188272377","GCST90469386",4e-19,4,-19,NA,0.040927988,"unit","NECAB1"
"rs35076798","102091080","GCST90243968",4e-10,4,-10,NA,0.0115,"unit","NECAB1"
"rs74979471","117710957","GCST90292528",5e-10,5,-10,NA,0.031,"unit","NECAB1"
"rs6471260","102091074","GCST90243968",5e-29,5,-29,NA,0.0106,"unit","NECAB1"
"rs201487789","102091086","GCST90243968",4e-21,4,-21,NA,0.0101,"unit","NECAB1"
"rs117540320","53769437","GCST009246",9e-06,9,-6,NA,5908.5825,"unit","NECAB1"
"rs2054805","97481331","GCST90105038",9e-15,9,-15,NA,0.00908304,"unit","NECAB1"
"rs116775649","102329371","GCST90129574",3e-06,3,-6,NA,0.68979,"unit","NECAB1"
"rs76032752","104525737","GCST90247299",4e-15,4,-15,NA,0.246,"unit","NECAB1"
"rs17643634","47107942","GCST007988",5e-09,5,-9,1.0604454,NA,NA,"NECAB1"
"rs17643634","47109272","GCST007988",1e-13,1,-13,1.0615711,NA,NA,"NECAB1"
"rs76858697","100735530","GCST90054779",9e-09,9,-9,NA,3.64,"unit","NECAB1"
"rs146279683","100735330","GCST90054779",2e-09,2,-9,NA,4.36,"unit","NECAB1"
"rs9297885","133721243","GCST90161186",8e-06,8,-6,NA,0.245459,"unit","NECAB1"
"rs201740505","102108215","GCST90243985",1e-19,1,-19,NA,0.00869,"unit","NECAB1"
"rs1011254","36098742","GCST007085",3e-10,3,-10,NA,NA,NA,"NECAB1"
"rs5009693","102108221","GCST90243985",1e-19,1,-19,NA,0.00869,"unit","NECAB1"
"rs2631027","102108233","GCST90243985",8e-20,8,-20,NA,0.00766,"unit","NECAB1"
"rs2740790","102108227","GCST90243985",2e-18,2,-18,NA,0.00711,"unit","NECAB1"
"rs2740795","34711463","GCST006571",1e-08,1,-8,NA,0.0085,"unit","NECAB1"
"rs2740795","35227585","GCST006442",8e-10,8,-10,NA,0.0098,"unit","NECAB1"
"rs73298074","191734613","GCST90654661",7e-06,7,-6,0.8417266,NA,NA,"NECAB1"
"rs12114679","165804162","GCST90569378",8e-10,8,-10,NA,0.04,"unit","NECAB1"
"rs10092379","133723267","GCST90161216",3e-06,3,-6,NA,0.250885,"unit","NECAB1"
"rs75129807","104525732","GCST90247299",7e-22,7,-22,NA,0.276,"unit","NECAB1"
"rs75280382","133722505","GCST90161204",3e-06,3,-6,NA,0.263365,"unit","NECAB1"
"rs10956763","188333418","GCST90470026",1e-27,1,-27,NA,0.0537099,"unit","NECAB1"
"rs2631017","118725065","GCST90296430",3e-10,3,-10,NA,0.01146218,"unit","NECAB1"
