row,col,n_overlap,raw,chance,score,pval
OCD,OCD/dogCD,0,0.12,0.226181,-0.1372168426983571,1
OCD,Depression,7,0.221,0.220133,0.00111172802541972,0.4875124875124875
OCD,Schizophrenia,0,0.118,0.220399,-0.13134795876352137,1
OCD/dogCD,Depression,66,0.865,0.414862,0.7692851942618665,9.99000999000999e-4
OCD/dogCD,Schizophrenia,46,0.799,0.412346,0.6579619980464696,9.99000999000999e-4
Depression,Schizophrenia,50,0.724,0.442591,0.5048519130476902,9.99000999000999e-4
dogCD,OCD,0,0.185,0.207106,-0.02788014539143948,0.6703296703296703
dogCD,OCD/dogCD,5,0.432,0.225139,0.2669653008733179,9.99000999000999e-4
dogCD,Depression,5,0.396,0.221117,0.2245305135687902,9.99000999000999e-4
dogCD,Schizophrenia,5,0.352,0.221881,0.16722249424573873,9.99000999000999e-4
