row,col,n_overlap,raw,chance,score,pval_raw,pval_bh
dogCD,OCD,0,0.185,0.207106,-0.02788014539143948,0.6703296703296703,0.8379120879120878
dogCD,OCD/dogCD,5,0.432,0.225139,0.2669653008733179,9.99000999000999e-4,0.001665001665001665
dogCD,Depression,5,0.396,0.221117,0.2245305135687902,9.99000999000999e-4,0.001665001665001665
dogCD,Schizophrenia,5,0.352,0.221881,0.16722249424573873,9.99000999000999e-4,0.001665001665001665
OCD,OCD/dogCD,0,0.12,0.224337,-0.13451331312696366,1,1
OCD,Depression,7,0.221,0.220275,9.298149988778138e-4,0.4755244755244755,0.6793206793206793
OCD,Schizophrenia,0,0.118,0.222136,-0.1338743019345284,1,1
OCD/dogCD,Depression,66,0.865,0.414566,0.76940184546849,9.99000999000999e-4,0.001665001665001665
OCD/dogCD,Schizophrenia,46,0.799,0.41088,0.6588131450298751,9.99000999000999e-4,0.001665001665001665
Depression,Schizophrenia,50,0.724,0.441644,0.5056917092321027,9.99000999000999e-4,0.001665001665001665
