row,col,shared terms,raw similarity,expected (chance),score,BH-adjusted P
dogCD,OCD,0,0.185,0.207,-0.03,0.838
dogCD,OCD/dogCD,5,0.432,0.225,0.27*,0.00167
dogCD,Depression,5,0.396,0.221,0.22*,0.00167
dogCD,Schizophrenia,5,0.352,0.222,0.17*,0.00167
OCD,OCD/dogCD,0,0.12,0.224,-0.13,1
OCD,Depression,7,0.221,0.22,0.00,0.679
OCD,Schizophrenia,0,0.118,0.222,-0.13,1
OCD/dogCD,Depression,66,0.865,0.415,0.77*,0.00167
OCD/dogCD,Schizophrenia,46,0.799,0.411,0.66*,0.00167
Depression,Schizophrenia,50,0.724,0.442,0.51*,0.00167
