dog	question	answer	age	sex_numeric	gencove_axiom
3	121	1	6	2	2
8	121	2	1	1	2
14	121	3	2	2	2
23	121	1	4	1	2
28	121	3	1	2	1
30	121	2	1	1	2
34	121	2	9	1	2
46	121	3	1	1	1
59	121	1	3	1	2
64	121	2	14	2	2
66	121	2	8	1	2
71	121	1	5	1	2
84	121	2	2	2	2
87	121	3	12	1	2
88	121	1	4	1	2
94	121	2	5	2	2
95	121	3	7	2	1
98	121	2	13	2	1
100	121	3	4	2	1
104	121	1	4	2	2
113	121	2	8	1	1
114	121	3	2	2	2
117	121	1	1	2	1
120	121	1	5	1	2
121	121	1	6	1	2
122	121	3	7	1	2
123	121	1	2	1	2
124	121	1	10	1	2
128	121	2	6	2	2
132	121	3	6	1	1
135	121	3	1	1	2
137	121	2	7	1	2
139	121	2	3	1	2
140	121	1	4	1	1
144	121	1	5	1	2
147	121	2	1	2	2
148	121	1	4	2	2
149	121	1	4	1	2
157	121	2	8	2	1
158	121	1	6	2	1
160	121	3	10	1	2
166	121	2	9	2	2
167	121	3	12	1	2
168	121	1	12	1	2
172	121	2	4	2	2
181	121	2	2	1	1
183	121	2	11	2	1
184	121	1	1	1	1
191	121	3	13	1	1
200	121	3	9	2	1
206	121	2	2	1	2
213	121	1	11	1	2
214	121	1	NA	2	1
215	121	0	3	2	1
219	121	2	9	1	2
220	121	0	5	1	2
223	121	2	7	1	2
238	121	2	1	2	1
268	121	2	8	2	2
275	121	2	3	2	1
281	121	2	4	1	2
289	121	3	3	1	1
290	121	3	2	2	2
291	121	2	2	2	1
294	121	2	9	1	2
295	121	2	10	1	2
297	121	2	3	1	1
298	121	1	3	2	2
305	121	4	2	1	2
306	121	3	6	1	1
333	121	2	10	2	1
335	121	1	5	2	1
341	121	2	5	1	2
343	121	1	4	1	2
344	121	2	10	1	2
345	121	2	4	2	1
383	121	3	2	1	1
390	121	2	6	1	2
391	121	3	12	1	2
392	121	2	12	2	2
393	121	2	5	2	2
395	121	2	4	1	1
406	121	2	13	2	1
407	121	2	9	2	1
427	121	2	1	2	2
429	121	2	10	2	1
435	121	2	2	1	1
443	121	4	5	2	1
446	121	4	3	1	1
472	121	1	14	2	1
473	121	1	7	2	1
497	121	1	1	1	1
508	121	1	5	2	1
511	121	2	1	2	1
523	121	2	6	1	1
541	121	2	10	1	1
542	121	1	2	1	1
548	121	2	NA	1	1
559	121	2	6	1	2
560	121	1	14	2	1
561	121	4	9	1	1
565	121	2	8	1	1
566	121	1	2	2	1
569	121	3	2	2	1
582	121	2	8	1	1
603	121	3	5	2	2
605	121	0	5	2	1
607	121	2	NA	2	1
616	121	1	11	1	1
635	121	2	4	1	2
637	121	3	14	1	1
638	121	3	8	1	1
639	121	2	10	2	1
656	121	2	6	1	1
684	121	2	4	1	1
697	121	1	11	1	1
700	121	2	9	1	1
701	121	3	8	1	1
716	121	4	2	1	2
721	121	3	7	2	1
722	121	2	4	1	1
723	121	4	5	1	1
729	121	2	12	2	1
755	121	1	7	1	2
765	121	2	3	1	1
779	121	2	7	2	1
784	121	1	9	2	1
790	121	1	10	1	1
791	121	2	3	2	1
798	121	2	3	1	1
801	121	2	9	1	1
816	121	3	8	1	1
817	121	1	8	1	1
819	121	2	11	2	1
844	121	1	11	2	1
857	121	1	6	1	2
859	121	3	2	1	1
866	121	2	4	2	2
869	121	0	9	2	1
874	121	0	14	1	1
879	121	3	4	1	1
901	121	1	6	1	1
902	121	2	3	2	1
903	121	1	1	2	1
908	121	2	NA	1	1
910	121	1	NA	1	1
917	121	2	5	1	1
933	121	2	11	2	1
962	121	0	9	2	1
964	121	1	4	2	2
974	121	3	6	1	1
991	121	2	8	1	1
1000	121	3	4	1	1
1013	121	2	2	2	1
1035	121	4	7	1	1
1040	121	2	7	1	1
1045	121	1	6	2	1
1048	121	2	3	2	1
1070	121	1	11	2	2
1077	121	3	6	2	1
1078	121	1	8	1	1
1085	121	3	5	1	1
1099	121	3	11	1	1
1120	121	2	6	1	1
1123	121	2	15	2	1
1124	121	3	11	1	1
1128	121	2	4	2	1
1130	121	3	2	2	1
1133	121	3	13	2	1
1134	121	1	7	1	1
1159	121	3	15	2	1
1164	121	1	10	1	1
1168	121	2	5	2	1
1169	121	1	10	2	1
1172	121	2	6	2	1
1173	121	2	5	2	1
1175	121	3	3	1	1
1193	121	3	7	1	1
1205	121	2	3	1	1
1206	121	2	9	1	1
1207	121	4	4	1	1
1215	121	3	13	1	1
1220	121	2	14	2	1
1230	121	3	8	1	2
1233	121	1	7	2	1
1234	121	4	5	1	2
1237	121	0	4	2	1
1250	121	2	NA	2	1
1267	121	2	4	1	1
1272	121	3	9	1	2
1321	121	2	6	1	1
1324	121	1	2	1	2
1341	121	1	3	2	1
1343	121	1	2	1	1
1345	121	2	10	2	1
1348	121	2	2	1	1
1350	121	2	13	2	1
1351	121	0	11	2	1
1352	121	2	7	2	1
1374	121	2	NA	2	1
1381	121	2	4	2	1
1394	121	3	10	1	1
1395	121	1	11	2	1
1427	121	3	7	2	1
1430	121	2	9	1	1
1431	121	1	2	2	1
1437	121	3	7	2	1
1447	121	1	2	1	1
1450	121	2	8	2	1
1456	121	2	1	2	1
1463	121	2	3	2	1
1469	121	1	1	1	1
1472	121	1	3	2	1
1476	121	2	11	2	1
1477	121	2	3	1	1
1479	121	2	15	1	1
1485	121	2	4	2	2
1505	121	0	5	1	2
1510	121	2	4	2	2
1532	121	2	7	1	1
1533	121	2	10	2	1
1535	121	2	7	1	1
1538	121	2	3	2	1
1549	121	2	6	2	1
1551	121	3	1	2	1
1558	121	2	5	2	1
1564	121	1	8	1	1
1578	121	3	5	1	1
1582	121	3	5	2	1
1583	121	1	NA	2	1
1589	121	2	9	1	1
1601	121	0	NA	1	1
1610	121	0	7	1	1
1613	121	1	8	2	1
1621	121	3	9	1	2
1628	121	2	6	2	1
1629	121	0	4	1	1
1630	121	0	2	1	1
1654	121	1	5	2	1
1661	121	1	2	1	1
1663	121	1	12	2	1
1673	121	1	6	1	1
1679	121	3	10	2	1
1698	121	2	11	2	2
1707	121	2	NA	2	1
1720	121	1	10	2	1
1724	121	3	4	1	1
1740	121	3	3	1	2
1741	121	2	13	1	1
1746	121	1	10	1	1
1751	121	2	1	1	1
1781	121	1	3	2	1
1785	121	2	7	2	1
1790	121	1	5	1	1
1797	121	3	2	2	1
1799	121	1	1	2	1
1802	121	2	6	2	1
1807	121	1	10	2	1
1811	121	3	2	1	1
1815	121	1	10	1	1
1822	121	3	10	1	1
1835	121	3	1	2	1
1837	121	2	NA	2	1
1851	121	4	7	1	1
1852	121	4	3	1	1
1856	121	3	10	1	1
1861	121	2	2	2	1
1866	121	2	9	1	1
1869	121	1	11	2	1
1871	121	2	NA	2	1
1872	121	1	3	1	1
1873	121	1	1	1	1
1885	121	1	6	1	1
1901	121	2	6	2	1
1903	121	3	9	1	1
1904	121	2	3	2	1
1911	121	3	1	1	1
1912	121	3	3	2	1
1913	121	3	12	1	1
1914	121	3	2	1	1
1927	121	3	12	1	2
1931	121	3	8	2	1
1934	121	4	9	1	1
1975	121	3	NA	2	1
1976	121	3	13	1	2
1981	121	2	NA	1	1
1989	121	2	4	1	1
1990	121	2	7	2	1
2000	121	3	3	2	1
2003	121	3	7	2	1
2004	121	1	NA	2	1
2010	121	2	12	2	1
2018	121	1	6	1	1
2022	121	2	8	2	1
2025	121	3	13	2	1
2036	121	2	2	1	2
2040	121	3	5	1	1
2042	121	1	2	1	1
2045	121	2	11	2	1
2048	121	1	3	2	1
2063	121	3	11	2	2
2066	121	2	8	2	1
2074	121	1	6	1	1
2092	121	2	4	1	1
2102	121	1	13	2	2
2115	121	3	9	2	1
2116	121	3	3	1	1
2130	121	3	15	1	2
2131	121	2	6	2	1
2136	121	3	12	2	1
2137	121	4	11	1	2
2142	121	3	9	1	1
2143	121	2	8	2	1
2144	121	2	13	1	1
2157	121	1	12	1	1
2163	121	3	2	1	1
2170	121	1	4	1	2
2171	121	1	5	2	1
2177	121	2	4	1	1
2179	121	1	4	1	1
2199	121	1	1	2	1
2203	121	2	2	2	1
2222	121	1	3	1	1
2223	121	1	NA	2	1
2224	121	2	3	1	1
2232	121	3	2	1	1
2233	121	2	9	1	1
2234	121	4	1	2	2
2237	121	1	12	2	2
2238	121	1	3	1	1
2239	121	2	10	2	2
2241	121	3	4	2	1
2246	121	1	9	1	1
2247	121	2	7	1	1
2259	121	3	5	1	1
2262	121	2	11	2	1
2273	121	1	10	2	1
2290	121	1	18	1	1
2291	121	2	5	2	1
2292	121	2	1	2	1
2295	121	3	12	1	1
2356	121	2	2	2	1
2365	121	3	3	2	1
2380	121	2	4	2	1
2384	121	3	4	1	1
2385	121	2	5	1	1
2392	121	2	NA	1	1
2394	121	1	4	1	1
2395	121	2	12	2	1
2399	121	3	5	2	1
2400	121	3	9	1	1
2406	121	2	3	2	1
2409	121	1	11	2	1
2412	121	3	3	2	1
2426	121	1	6	1	1
2436	121	3	2	2	1
2447	121	2	1	2	1
2451	121	3	6	2	2
2457	121	2	5	1	2
2479	121	1	1	2	1
2501	121	2	11	2	2
2502	121	2	1	1	1
2523	121	2	1	2	1
2525	121	1	7	1	1
2539	121	2	2	2	1
2543	121	3	9	1	1
2552	121	3	2	1	1
2569	121	1	11	2	1
2574	121	2	3	2	2
2616	121	3	4	2	1
2633	121	2	4	2	1
2634	121	4	4	2	1
2640	121	2	5	2	1
2662	121	3	2	1	1
2663	121	2	1	1	1
2705	121	3	1	1	1
2706	121	3	7	1	1
2713	121	3	8	2	2
2714	121	2	8	1	1
2733	121	3	11	1	1
2752	121	3	9	2	2
2758	121	2	1	1	1
2789	121	3	11	2	1
2795	121	2	8	2	1
2800	121	2	5	1	1
2802	121	2	3	1	1
2804	121	1	4	2	1
2812	121	0	6	1	1
2821	121	2	4	2	2
2823	121	1	11	1	1
2824	121	1	3	1	1
2843	121	3	7	1	2
2846	121	1	9	1	2
2847	121	1	14	2	1
2852	121	0	7	2	1
2860	121	1	3	2	2
2878	121	0	8	1	2
2880	121	2	NA	2	1
2885	121	2	10	2	1
2886	121	3	10	2	1
2893	121	1	7	1	1
2900	121	1	12	1	2
2908	121	1	8	1	2
2920	121	3	5	2	1
2921	121	2	3	1	1
2931	121	3	9	2	1
2946	121	2	3	2	1
2958	121	2	11	2	1
2961	121	2	11	2	1
2976	121	2	2	1	1
2977	121	1	14	2	1
2989	121	3	7	1	1
2990	121	2	3	1	1
2999	121	3	11	1	1
3028	121	2	5	1	1
3051	121	3	3	1	2
3060	121	2	6	1	1
3066	121	2	5	1	1
3085	121	3	9	2	1
3093	121	2	5	2	2
3094	121	1	2	2	1
3097	121	1	6	1	1
3121	121	1	2	1	1
3123	121	2	5	2	2
3127	121	2	4	1	1
3135	121	3	11	2	1
3136	121	2	4	1	2
3145	121	2	9	1	2
3161	121	1	1	1	1
3167	121	2	2	2	1
3168	121	2	4	2	1
3188	121	2	8	1	1
3200	121	2	12	2	2
3218	121	2	10	1	1
3222	121	1	NA	1	1
3241	121	2	2	1	1
3243	121	2	6	2	2
3244	121	1	12	2	2
3264	121	2	8	1	1
3302	121	2	10	2	1
3303	121	0	7	2	1
3309	121	3	8	1	1
3311	121	2	8	1	1
3333	121	3	3	1	1
3345	121	1	7	1	1
3347	121	4	11	1	1
3350	121	3	11	1	2
3361	121	3	2	2	1
3368	121	2	6	2	1
3372	121	1	5	1	1
3385	121	1	1	2	2
3388	121	3	5	1	2
3389	121	1	2	1	2
3396	121	1	9	2	2
3397	121	1	3	2	1
3398	121	1	9	1	1
3402	121	2	7	1	2
3403	121	2	6	1	2
3435	121	1	2	2	1
3436	121	3	8	2	1
3447	121	2	3	1	1
3455	121	3	4	1	1
3459	121	3	9	2	1
3460	121	3	5	2	1
3492	121	1	3	1	2
3495	121	3	9	1	2
3496	121	3	5	1	1
3506	121	1	5	1	1
3515	121	2	2	2	1
3532	121	1	4	1	1
3538	121	3	7	1	1
3569	121	3	13	1	1
3593	121	2	10	1	1
3605	121	3	2	1	1
3613	121	3	8	2	1
3620	121	3	6	2	1
3621	121	1	8	1	1
3636	121	4	9	2	1
3637	121	2	7	2	1
3639	121	4	11	2	1
3640	121	3	7	1	1
3645	121	2	4	1	1
3650	121	1	3	1	1
3655	121	2	4	1	1
3656	121	2	12	2	1
3657	121	2	10	2	1
3658	121	1	11	2	1
3659	121	1	6	1	1
3660	121	1	5	2	1
3665	121	2	5	2	1
3667	121	1	5	1	1
3669	121	1	8	2	2
3679	121	3	11	1	1
3680	121	1	13	2	1
3683	121	0	NA	2	1
3684	121	1	8	2	1
3698	121	1	7	1	1
3712	121	3	5	1	1
3752	121	2	4	2	1
3763	121	1	16	2	1
3764	121	1	9	2	1
3765	121	1	5	2	1
3767	121	1	13	2	1
3771	121	1	12	1	1
3782	121	2	10	2	1
3797	121	1	13	1	1
3809	121	2	9	1	1
3810	121	2	6	2	1
3826	121	3	9	2	1
3832	121	1	1	1	1
3837	121	1	9	1	1
3839	121	3	7	2	2
3852	121	1	14	1	1
3853	121	3	5	2	1
3859	121	3	14	2	1
3863	121	0	3	1	1
3872	121	3	9	1	1
3909	121	3	2	2	1
3925	121	3	7	2	2
3928	121	1	10	2	1
3931	121	1	11	2	1
3940	121	3	NA	1	1
3948	121	2	3	2	1
3951	121	3	8	1	1
3954	121	2	8	1	2
3964	121	1	4	1	2
3980	121	2	3	1	2
3985	121	2	5	2	1
3993	121	4	8	1	1
3998	121	2	1	1	2
4003	121	2	10	2	1
4004	121	1	1	1	1
4005	121	3	10	2	1
4011	121	1	2	2	2
4013	121	3	10	1	1
4031	121	1	3	1	1
4040	121	1	5	1	1
4043	121	1	9	1	2
4045	121	1	9	2	2
4054	121	1	8	1	1
4063	121	1	3	2	1
4066	121	1	1	1	1
4068	121	1	NA	2	1
4079	121	2	10	2	1
4172	121	2	10	2	1
4173	121	2	9	1	1
4174	121	2	8	2	1
4196	121	1	7	1	1
4199	121	2	4	2	1
4207	121	1	3	2	1
4213	121	3	2	1	1
4214	121	2	1	2	2
4217	121	2	1	1	1
4218	121	1	15	1	1
4228	121	3	11	2	1
4248	121	2	3	2	1
4267	121	3	9	1	1
4276	121	1	6	1	1
4277	121	1	7	2	1
4280	121	1	4	1	1
4281	121	1	12	1	1
4289	121	2	NA	1	1
4303	121	1	11	2	1
4304	121	2	8	2	1
4305	121	1	8	1	1
4319	121	2	8	2	1
4320	121	3	7	1	1
4327	121	2	6	1	1
4340	121	1	6	1	1
4348	121	0	NA	2	1
4371	121	2	7	1	1
4383	121	3	2	1	1
4394	121	1	3	1	1
4414	121	4	6	2	1
4426	121	1	6	2	1
4441	121	2	14	2	1
4471	121	3	12	1	1
4480	121	1	4	1	1
4486	121	2	5	1	1
4501	121	1	1	2	1
4508	121	3	10	2	1
4515	121	1	2	2	1
4516	121	3	7	2	1
4525	121	2	4	2	2
4529	121	1	NA	2	1
4533	121	2	1	2	1
4537	121	2	12	2	1
4542	121	1	6	1	1
4543	121	1	11	1	1
4544	121	1	8	1	1
4545	121	2	6	1	1
4546	121	3	4	1	1
4547	121	2	4	1	2
4549	121	3	2	1	1
4551	121	2	8	2	2
4552	121	1	3	1	2
4572	121	0	13	2	2
4573	121	2	1	2	2
4575	121	1	3	1	2
4577	121	3	7	1	2
4578	121	1	5	1	1
4579	121	1	1	2	1
4580	121	2	2	2	2
4581	121	2	6	2	1
4603	121	3	14	2	2
4606	121	1	NA	1	1
4608	121	3	NA	1	2
4615	121	3	10	2	2
4618	121	1	3	2	2
4619	121	3	10	1	2
4623	121	1	3	2	2
4625	121	1	9	1	2
4626	121	3	3	2	2
4629	121	1	1	2	1
4630	121	2	3	1	2
4631	121	2	12	1	2
4648	121	3	5	2	2
4649	121	1	12	1	1
4651	121	1	1	2	2
4652	121	3	6	1	2
4653	121	2	1	2	2
4657	121	1	9	1	1
4658	121	1	11	1	1
4661	121	3	4	1	2
4662	121	2	1	1	2
4663	121	3	4	2	2
4672	121	3	15	2	2
4677	121	2	3	1	1
4680	121	2	11	2	2
4691	121	3	6	2	1
4692	121	1	4	2	1
4699	121	1	2	1	1
4702	121	4	4	1	1
4715	121	2	13	1	2
4719	121	1	1	1	1
4734	121	2	10	1	1
4743	121	1	1	2	1
4747	121	2	6	2	1
4751	121	0	6	2	1
4767	121	3	3	1	1
4781	121	1	7	2	1
4790	121	2	3	1	1
4791	121	1	4	2	1
4792	121	2	12	2	1
4793	121	2	3	1	2
4798	121	2	2	1	1
4805	121	0	9	2	1
4807	121	1	1	2	1
4811	121	2	1	2	1
4835	121	3	8	1	1
4869	121	3	6	1	1
4877	121	2	8	2	1
4887	121	2	14	2	1
4892	121	1	11	2	1
4907	121	2	12	2	2
4929	121	2	5	2	1
4944	121	1	NA	2	1
4945	121	3	7	2	1
4946	121	3	7	2	1
4949	121	4	7	1	1
4972	121	2	10	2	1
5020	121	3	8	1	1
5025	121	2	10	1	1
5026	121	3	7	1	1
5038	121	2	8	2	1
5040	121	0	6	1	1
5042	121	1	2	1	1
5063	121	3	9	2	2
5071	121	2	7	2	1
5076	121	3	1	1	1
5083	121	1	10	1	2
5085	121	1	7	2	2
5092	121	3	10	1	2
5103	121	1	7	2	1
5117	121	2	6	1	1
5128	121	3	8	1	1
5142	121	2	12	1	1
5148	121	1	5	2	1
5153	121	1	NA	2	1
5157	121	2	1	1	1
5229	121	1	3	2	1
5252	121	3	12	1	2
5253	121	1	16	2	1
5317	121	1	10	1	2
5322	121	2	11	2	2
5403	121	1	10	1	2
5406	121	0	5	1	1
5407	121	2	6	1	1
5408	121	3	5	1	1
5431	121	3	9	2	1
5434	121	3	13	2	1
5465	121	2	7	2	1
5475	121	2	9	2	1
5503	121	2	17	1	2
5506	121	3	NA	1	1
5535	121	1	2	1	1
5556	121	4	4	2	1
5558	121	4	3	1	1
5561	121	2	1	1	1
5606	121	1	3	2	2
5607	121	1	7	1	2
5672	121	1	8	1	1
5679	121	3	10	2	1
5696	121	3	2	1	1
5700	121	0	8	1	1
5703	121	1	4	2	2
5708	121	3	12	2	1
5738	121	1	4	2	1
5746	121	3	6	1	1
5758	121	2	6	2	1
5767	121	1	1	1	1
5770	121	1	2	1	1
5802	121	3	7	2	1
5820	121	3	2	1	1
5821	121	2	NA	2	1
5835	121	1	6	2	2
5838	121	3	9	1	2
5845	121	2	5	1	1
5846	121	2	10	1	1
5847	121	1	3	2	2
5853	121	2	3	1	1
5869	121	2	7	1	1
5871	121	3	7	1	2
5872	121	4	7	1	1
5873	121	1	3	1	1
5918	121	3	8	1	2
5926	121	1	7	2	1
5937	121	1	9	2	1
5938	121	2	5	1	1
5939	121	2	6	1	1
5940	121	2	7	1	1
5941	121	1	7	2	1
5949	121	2	10	2	2
5950	121	2	7	2	1
5951	121	1	9	1	1
5962	121	3	1	2	2
5970	121	2	5	2	2
5988	121	2	4	1	1
6008	121	1	3	2	1
6014	121	3	7	2	1
6015	121	2	14	2	1
6036	121	2	9	2	1
6038	121	1	5	2	2
6039	121	1	7	2	1
6069	121	2	9	1	1
6070	121	1	5	2	1
6071	121	0	4	2	1
6080	121	1	3	2	1
6088	121	3	4	1	1
6094	121	1	NA	2	2
6097	121	3	5	1	1
6101	121	2	13	1	1
6105	121	2	2	1	1
6113	121	2	4	2	2
6124	121	3	10	2	1
6126	121	1	NA	2	1
6132	121	1	NA	1	1
6136	121	1	12	1	1
6168	121	2	2	1	1
6174	121	1	NA	1	1
6203	121	3	4	2	1
6204	121	2	2	2	1
6220	121	2	1	2	1
6221	121	3	7	2	1
6226	121	1	4	2	1
6263	121	2	12	2	1
6274	121	2	8	1	1
6301	121	3	4	1	1
6302	121	3	4	2	1
6305	121	2	2	2	1
6306	121	1	2	2	1
6348	121	3	2	2	1
6357	121	3	9	2	1
6359	121	2	2	2	2
6360	121	2	NA	1	1
6368	121	3	7	1	1
6369	121	3	3	1	1
6378	121	1	11	2	1
6385	121	2	1	1	1
6386	121	1	5	2	1
6403	121	1	6	2	1
6404	121	1	7	2	1
6406	121	1	8	2	1
6407	121	1	10	1	1
6429	121	3	1	1	1
6435	121	1	9	2	1
6441	121	2	6	2	2
6446	121	1	NA	2	1
6447	121	1	6	2	1
6457	121	3	5	2	1
6502	121	2	9	2	1
6503	121	2	5	2	1
6508	121	3	2	1	1
6519	121	1	14	1	1
6529	121	1	2	1	1
6535	121	1	1	1	1
6548	121	2	4	2	1
6552	121	1	2	2	1
6571	121	2	4	1	1
6572	121	3	1	2	1
6580	121	2	NA	2	1
6597	121	1	8	2	1
6615	121	3	3	1	2
6616	121	2	10	2	1
6618	121	1	9	1	2
6628	121	1	7	2	1
6636	121	2	1	2	2
6680	121	2	5	2	1
6691	121	2	11	2	1
6696	121	2	9	2	1
6701	121	3	NA	1	1
6704	121	1	12	2	1
6726	121	3	14	2	2
6757	121	2	5	1	1
6762	121	2	3	1	1
6763	121	3	14	1	1
6769	121	1	7	2	1
6770	121	2	7	1	1
6842	121	1	13	1	2
6843	121	1	8	1	2
6886	121	3	6	1	1
6904	121	4	5	1	2
6937	121	2	9	2	1
6986	121	2	2	2	1
7018	121	1	4	1	1
7030	121	2	2	2	2
7035	121	1	8	2	2
7050	121	1	10	2	1
7074	121	0	9	2	1
7092	121	1	8	2	1
7097	121	2	6	2	1
7115	121	4	5	2	1
7133	121	3	1	2	1
7138	121	2	3	2	1
7146	121	2	9	2	1
7147	121	1	3	1	2
7153	121	2	3	1	1
7164	121	1	9	1	1
7181	121	3	3	1	1
7184	121	2	12	2	1
7196	121	1	7	1	1
7197	121	1	9	2	2
7208	121	2	4	1	1
7209	121	3	7	2	2
7224	121	2	10	1	1
7227	121	1	NA	2	1
7241	121	3	7	1	1
7264	121	1	8	1	1
7269	121	3	7	1	2
7277	121	3	4	1	1
7284	121	2	11	1	1
7295	121	3	9	1	1
7297	121	1	10	2	1
7312	121	2	4	2	1
7325	121	1	2	2	1
7329	121	2	13	1	1
7334	121	1	1	1	1
7364	121	1	4	1	1
7382	121	2	2	2	1
7392	121	3	4	1	1
7394	121	3	2	2	2
7399	121	2	2	1	1
7402	121	2	1	2	1
7414	121	1	6	2	1
7427	121	2	6	1	1
7432	121	1	1	2	1
7448	121	2	4	2	1
7474	121	1	2	1	1
7493	121	2	2	2	2
7494	121	0	NA	1	2
7497	121	2	NA	2	2
7502	121	2	4	1	1
7505	121	2	1	1	1
7513	121	2	2	2	1
7514	121	4	NA	1	1
7515	121	1	4	1	1
7528	121	1	1	2	1
7529	121	1	10	1	2
7536	121	1	1	1	1
7538	121	2	9	1	1
7541	121	2	6	1	1
7543	121	3	3	1	2
7544	121	2	1	2	1
7570	121	2	NA	1	1
7573	121	2	2	2	1
7578	121	1	NA	2	1
7582	121	1	NA	2	1
7583	121	2	15	2	1
7584	121	2	NA	2	1
7591	121	3	10	2	1
7592	121	1	2	2	1
7601	121	3	3	1	1
7603	121	3	2	1	2
7607	121	2	6	1	1
7608	121	2	11	1	1
7616	121	2	8	1	2
7622	121	1	NA	1	2
7629	121	2	7	2	2
7631	121	2	2	2	1
7647	121	2	5	2	1
7653	121	2	12	2	2
7655	121	1	3	2	1
7660	121	1	4	1	1
7666	121	1	3	1	2
7667	121	1	6	2	1
7674	121	1	3	1	1
7678	121	1	4	1	1
7679	121	2	8	2	2
7686	121	1	6	1	1
7688	121	1	4	2	2
7699	121	1	NA	2	1
7704	121	2	4	1	1
7709	121	1	13	2	1
7712	121	3	6	2	1
7716	121	3	5	2	1
7717	121	3	5	2	1
7722	121	1	9	2	2
7726	121	2	4	2	1
7737	121	3	6	1	1
7752	121	0	NA	2	1
7775	121	3	7	1	1
7780	121	3	1	1	1
7787	121	2	4	2	1
7788	121	3	NA	1	2
7790	121	3	4	1	2
7807	121	4	8	1	1
7808	121	2	1	2	1
7810	121	1	6	2	1
7812	121	0	8	2	2
7825	121	1	9	2	1
7826	121	1	NA	2	1
7831	121	1	NA	2	1
7834	121	3	1	2	1
7835	121	3	7	1	1
7836	121	3	10	1	1
7837	121	2	14	2	1
7838	121	3	3	2	2
7867	121	2	9	1	1
7868	121	1	9	1	1
7872	121	3	1	2	1
7876	121	2	5	1	1
7882	121	2	9	1	1
7884	121	3	7	1	1
7886	121	3	3	1	1
7902	121	3	5	1	1
7919	121	2	NA	1	1
7928	121	1	13	2	1
7929	121	2	14	2	1
7948	121	2	14	2	1
7955	121	2	4	1	1
7959	121	2	8	2	1
7961	121	3	9	1	2
7965	121	2	10	1	1
7969	121	2	5	1	1
7981	121	2	9	2	2
7991	121	3	2	2	1
8017	121	2	2	2	2
8018	121	2	16	2	2
8021	121	1	NA	1	1
8023	121	1	6	1	1
8027	121	1	2	1	1
8077	121	1	11	2	1
8085	121	2	9	2	1
8103	121	2	3	1	2
8105	121	1	9	2	1
8139	121	2	10	1	1
8140	121	1	2	2	1
8142	121	3	10	2	1
8148	121	3	NA	2	1
8154	121	1	7	1	2
8173	121	2	1	1	2
8181	121	2	12	2	1
8188	121	1	12	1	1
8193	121	2	1	2	2
8194	121	1	3	1	1
8222	121	1	11	2	2
8223	121	1	15	1	1
8242	121	4	11	2	1
8246	121	2	4	2	1
8254	121	2	2	2	1
8260	121	2	1	2	1
8276	121	4	10	2	2
8278	121	2	5	2	2
8285	121	3	5	2	2
8288	121	2	5	2	2
8299	121	1	3	2	2
8300	121	1	6	1	2
8301	121	1	7	1	1
8318	121	2	11	2	2
8343	121	2	2	2	2
8344	121	2	NA	1	1
8347	121	1	12	2	1
8348	121	2	9	1	2
8352	121	3	9	1	1
8353	121	1	5	2	1
8356	121	2	9	2	1
8357	121	2	7	1	1
8358	121	2	2	1	1
8363	121	2	2	2	1
8380	121	2	4	1	1
8382	121	3	1	1	2
8391	121	1	5	1	2
8404	121	1	NA	2	2
8413	121	1	9	2	1
8417	121	2	2	2	1
8421	121	2	NA	1	2
8427	121	1	6	2	1
8440	121	2	8	2	2
8447	121	2	6	2	1
8464	121	2	1	2	1
8480	121	3	3	2	2
8484	121	2	5	1	1
8495	121	2	3	1	1
8500	121	3	7	2	2
8502	121	2	8	1	2
8506	121	2	10	2	1
8510	121	3	9	1	1
8521	121	3	9	2	1
8523	121	3	10	2	1
8531	121	1	15	2	2
8563	121	2	10	2	2
8568	121	1	5	2	1
8574	121	2	6	1	1
8579	121	2	10	2	1
8585	121	3	12	1	1
8615	121	1	6	2	1
8637	121	2	8	2	1
8663	121	3	4	2	1
8670	121	3	4	2	1
8671	121	2	3	2	1
8675	121	1	4	2	1
8676	121	3	3	1	2
8677	121	3	6	1	1
8682	121	1	7	2	2
8684	121	3	13	1	1
8698	121	3	14	1	1
8699	121	2	3	1	1
8700	121	1	1	1	1
8701	121	2	2	1	1
8712	121	3	4	1	2
8715	121	1	5	2	1
8717	121	1	NA	2	1
8718	121	1	NA	1	1
8730	121	1	3	1	1
8738	121	2	2	2	1
8739	121	1	8	1	1
8743	121	2	14	1	1
8752	121	2	11	2	1
8753	121	2	9	2	1
8762	121	2	9	2	2
8794	121	2	6	1	2
8800	121	4	3	1	1
8806	121	1	7	1	1
8825	121	1	7	1	1
8842	121	2	1	1	1
8850	121	1	5	1	1
8867	121	2	3	1	1
8891	121	0	11	1	2
8908	121	2	8	2	1
8916	121	3	4	1	2
8919	121	1	5	2	2
8921	121	1	2	1	1
8936	121	2	11	2	1
8943	121	2	9	1	1
8946	121	1	3	2	1
8956	121	3	18	1	1
8957	121	1	NA	1	2
8970	121	1	13	2	1
8980	121	1	1	1	1
8981	121	1	6	1	1
8982	121	2	7	2	1
8991	121	2	1	1	1
9001	121	2	1	2	1
9003	121	2	1	1	1
9006	121	3	4	1	1
9007	121	2	7	1	1
9009	121	1	7	1	1
9023	121	1	11	2	2
9029	121	2	NA	2	1
9037	121	2	10	1	1
9038	121	3	12	2	2
9045	121	3	2	1	1
9046	121	2	2	1	1
9064	121	2	8	2	1
9074	121	2	1	2	1
9075	121	1	3	2	1
9076	121	1	11	2	1
9083	121	1	9	1	1
9092	121	2	7	1	2
9093	121	2	6	1	1
9095	121	1	5	1	2
9115	121	3	7	2	1
9120	121	3	10	1	1
9130	121	2	2	2	1
9132	121	2	3	1	1
9133	121	2	12	1	2
9136	121	3	9	2	1
9144	121	2	9	2	1
9145	121	1	1	1	1
9162	121	3	12	1	1
9168	121	1	2	1	2
9171	121	3	4	1	1
9172	121	2	1	2	1
9187	121	1	9	1	1
9196	121	1	6	2	2
9200	121	2	6	2	1
9209	121	3	1	1	1
9230	121	2	6	2	1
9240	121	1	5	1	1
9242	121	2	1	1	1
9258	121	1	2	2	2
9264	121	2	7	2	1
9285	121	1	3	2	1
9286	121	2	4	1	1
9292	121	2	13	2	1
9302	121	2	12	1	1
9305	121	3	5	1	1
9316	121	2	3	2	2
9318	121	2	6	1	2
9325	121	1	5	2	1
9334	121	3	NA	2	1
9346	121	4	8	2	1
9347	121	1	7	2	2
9352	121	2	2	1	1
9362	121	1	5	1	1
9373	121	2	3	2	1
9382	121	1	1	1	1
9406	121	1	5	1	2
9407	121	1	NA	2	1
9420	121	1	10	2	2
9444	121	2	6	2	1
9456	121	2	9	2	1
9462	121	1	1	1	2
9481	121	2	1	1	1
9482	121	3	3	2	1
9484	121	3	9	2	2
9511	121	2	4	2	1
9549	121	1	5	1	2
9561	121	2	6	1	1
9563	121	2	10	2	2
9569	121	1	2	1	1
9571	121	2	6	1	1
9578	121	1	16	2	1
9579	121	1	10	1	1
9600	121	2	8	1	1
9616	121	1	11	1	1
9621	121	1	9	2	1
9622	121	2	9	2	1
9623	121	1	6	2	2
9632	121	3	1	1	1
9639	121	1	6	2	1
9643	121	2	2	2	1
9646	121	2	NA	1	1
9648	121	2	9	1	1
9649	121	2	8	2	1
9662	121	3	8	1	1
9666	121	1	6	1	2
9667	121	2	10	2	2
9669	121	1	6	1	2
9674	121	2	5	2	1
9702	121	2	7	1	1
9718	121	2	3	2	1
9723	121	2	9	2	1
9736	121	2	1	2	1
9737	121	1	2	1	1
9738	121	3	2	1	1
9739	121	1	7	1	1
9740	121	0	5	2	1
9761	121	3	5	1	1
9765	121	2	4	2	1
9767	121	3	3	2	1
9773	121	2	3	2	1
9786	121	1	2	1	1
9791	121	2	2	2	1
9797	121	3	13	1	1
9801	121	0	7	2	1
9814	121	2	6	2	2
9831	121	2	14	1	1
9832	121	1	9	1	1
9849	121	2	7	1	1
9860	121	2	9	1	1
9868	121	3	NA	2	2
9870	121	2	4	1	1
9881	121	2	2	1	1
9893	121	2	3	2	1
9895	121	2	6	1	1
9896	121	2	2	2	2
9900	121	1	7	2	1
9922	121	2	6	2	1
9933	121	3	7	1	1
9934	121	3	8	2	1
9945	121	2	3	2	1
9950	121	3	5	1	1
9962	121	3	8	2	1
9964	121	2	6	1	1
9966	121	3	7	1	1
9968	121	2	NA	1	1
9978	121	1	7	2	1
9980	121	2	8	2	1
9986	121	2	6	2	1
9999	121	4	2	1	1
10010	121	1	9	2	1
10015	121	2	1	1	1
10018	121	2	5	2	1
10029	121	3	11	1	1
10030	121	2	4	1	1
10032	121	2	6	2	1
10038	121	2	7	2	1
10047	121	1	NA	1	2
10048	121	2	NA	1	1
10057	121	1	1	2	1
10059	121	3	9	2	1
10061	121	3	NA	1	1
10062	121	2	NA	2	1
10078	121	1	3	1	1
10079	121	1	4	1	1
10097	121	2	1	1	1
10102	121	3	2	2	1
10103	121	2	1	2	1
10108	121	2	7	2	1
10112	121	1	6	2	1
10115	121	2	4	2	1
10129	121	3	5	2	1
10130	121	1	2	2	1
10140	121	2	4	2	1
10144	121	1	7	2	1
10155	121	3	2	1	1
10166	121	2	3	2	1
10175	121	2	14	2	1
10178	121	1	11	1	2
10184	121	1	11	2	1
10185	121	1	10	2	1
10186	121	1	9	2	1
10187	121	0	8	2	2
10188	121	1	7	2	2
10189	121	1	5	2	2
10194	121	0	2	1	1
10199	121	1	NA	2	1
10201	121	1	10	1	1
10202	121	4	5	1	1
10220	121	2	15	2	2
10230	121	2	8	2	2
10236	121	2	4	1	1
10239	121	1	16	1	1
10246	121	2	4	1	1
10247	121	2	1	1	1
10255	121	4	NA	1	1
10263	121	4	5	1	2
10265	121	2	12	1	1
10294	121	2	1	2	1
10295	121	2	5	1	1
10296	121	1	3	2	2
10309	121	2	1	2	2
10310	121	3	1	2	1
10311	121	1	4	1	1
10312	121	1	6	2	2
10313	121	1	8	1	2
10316	121	3	1	2	1
10328	121	2	4	2	2
10338	121	2	NA	1	1
10355	121	2	11	2	1
10356	121	2	10	2	1
10358	121	1	4	2	2
10359	121	2	2	1	2
10360	121	1	NA	2	1
10367	121	1	4	2	1
10373	121	2	1	2	1
10375	121	1	6	2	1
10376	121	1	4	1	1
10383	121	2	1	1	1
10385	121	3	8	2	1
10387	121	3	7	1	1
10398	121	1	13	1	1
10399	121	3	3	2	2
10412	121	1	8	1	1
10430	121	4	6	1	1
10432	121	1	14	2	1
10433	121	3	8	2	1
10436	121	2	9	2	2
10451	121	1	10	1	1
10463	121	2	NA	1	1
10474	121	2	5	2	1
10479	121	2	3	1	1
10480	121	1	5	1	1
10487	121	1	8	2	2
10495	121	2	10	1	1
10498	121	1	12	1	1
10512	121	3	3	2	1
10524	121	2	4	1	2
10525	121	2	7	2	1
10526	121	4	16	2	1
10527	121	1	11	2	1
10529	121	1	15	2	1
10540	121	2	9	1	1
10544	121	1	13	1	1
10553	121	3	10	1	1
10556	121	2	3	2	1
10559	121	3	2	2	2
10567	121	2	3	1	2
10569	121	1	2	2	1
10586	121	3	2	2	2
10590	121	2	13	1	1
10591	121	3	4	1	2
10599	121	2	11	2	1
10600	121	0	10	2	1
10604	121	2	8	2	1
10605	121	2	10	1	1
10607	121	1	1	2	1
10610	121	2	NA	2	1
10617	121	1	11	1	1
10618	121	2	5	2	2
10626	121	2	3	2	1
10632	121	2	16	1	1
10637	121	3	1	1	1
10642	121	2	3	2	2
10646	121	1	5	1	1
10654	121	2	2	1	1
10656	121	1	1	1	1
10660	121	2	3	1	1
10663	121	2	7	2	1
10677	121	1	4	2	1
10679	121	2	11	1	1
10681	121	2	NA	2	2
10683	121	3	12	2	1
10685	121	2	6	1	2
10686	121	2	7	2	1
10688	121	1	11	2	1
10695	121	2	1	1	2
10699	121	1	2	2	1
10700	121	2	7	2	1
10701	121	2	NA	2	1
10702	121	3	5	2	2
10709	121	2	1	2	1
10729	121	1	6	1	1
10732	121	1	5	2	1
10733	121	1	4	2	1
10736	121	3	8	1	1
10737	121	3	9	1	1
10738	121	1	9	2	1
10740	121	1	3	1	2
10746	121	1	6	1	1
10747	121	2	6	2	1
10753	121	1	6	2	2
10764	121	2	1	2	2
10765	121	2	4	2	1
10766	121	2	10	2	1
10774	121	2	11	2	1
10777	121	4	2	2	2
10784	121	2	1	2	1
10791	121	2	3	1	1
10792	121	3	11	2	1
10799	121	2	9	1	1
10801	121	2	3	2	2
10807	121	1	13	2	1
10810	121	2	9	1	1
10817	121	3	3	1	1
10818	121	1	7	1	1
10819	121	1	7	2	2
10820	121	3	9	1	1
10821	121	1	8	1	1
10826	121	3	10	2	1
10827	121	2	12	2	2
10828	121	2	2	1	1
10829	121	3	7	2	2
10831	121	2	7	2	2
10837	121	3	1	1	1
10841	121	2	5	2	2
10857	121	3	8	1	1
10861	121	2	3	2	1
10865	121	2	1	2	2
10869	121	3	6	1	1
10870	121	1	10	1	1
10884	121	2	NA	1	1
10886	121	3	4	2	1
10887	121	1	1	1	2
10888	121	2	2	2	2
10891	121	0	NA	2	1
10910	121	3	8	2	2
10915	121	1	4	2	2
10927	121	3	2	1	1
10938	121	2	1	2	1
10941	121	2	2	2	2
10943	121	2	3	1	2
10964	121	2	NA	2	2
10968	121	1	2	1	2
10970	121	2	9	1	2
10977	121	3	7	2	1
10980	121	3	3	1	1
10983	121	1	13	1	2
10985	121	1	3	1	1
10986	121	1	5	1	1
10987	121	1	NA	2	1
10988	121	2	9	1	2
11000	121	2	8	2	2
11020	121	2	6	2	1
11024	121	2	8	2	1
11028	121	1	1	1	2
11036	121	3	2	1	1
11038	121	1	16	2	1
11059	121	2	7	1	1
11061	121	1	3	1	1
11063	121	1	7	1	1
11067	121	1	NA	1	1
11072	121	2	5	1	2
11074	121	3	1	1	1
11075	121	1	13	1	1
11084	121	1	7	2	2
11089	121	2	7	1	1
11091	121	3	11	1	1
11113	121	1	6	2	2
11120	121	2	2	2	1
11149	121	2	2	1	1
11150	121	2	14	2	1
11151	121	2	10	2	2
11152	121	1	7	1	1
11166	121	2	8	1	1
11168	121	2	8	2	1
11172	121	4	11	1	1
11178	121	1	1	2	1
11183	121	2	4	2	1
11185	121	3	5	2	2
11191	121	2	3	2	1
11192	121	3	11	1	2
11199	121	2	9	1	1
11200	121	2	3	2	1
11209	121	1	11	2	2
11213	121	3	2	1	1
11214	121	2	11	2	1
11216	121	1	2	1	1
11217	121	1	NA	1	1
11227	121	1	10	1	1
11228	121	1	11	2	1
11236	121	1	6	1	2
11237	121	2	5	2	1
11244	121	1	14	1	1
11251	121	1	10	2	1
11254	121	3	3	2	1
11261	121	2	1	2	1
11265	121	2	12	1	1
11266	121	1	5	2	2
11271	121	3	6	2	2
11272	121	3	4	1	2
11275	121	2	7	1	1
11276	121	1	1	1	1
11279	121	3	14	1	1
11283	121	2	5	2	1
11290	121	1	4	1	1
11295	121	2	NA	2	1
11301	121	2	1	2	1
11307	121	3	6	1	1
11315	121	3	4	1	1
11316	121	2	11	1	2
11326	121	3	NA	1	1
11346	121	1	5	1	1
11355	121	2	1	2	1
11357	121	3	2	1	1
11362	121	2	9	1	1
11380	121	1	NA	1	1
11385	121	2	4	2	1
11391	121	1	12	1	1
11397	121	1	8	2	1
11403	121	2	3	1	1
11404	121	2	5	2	1
11415	121	2	1	1	1
11420	121	1	10	2	1
11421	121	3	6	1	1
11429	121	2	2	2	1
11432	121	1	7	2	1
11433	121	2	3	2	1
11440	121	2	5	1	1
11447	121	3	2	2	2
11450	121	1	6	1	1
11461	121	3	1	1	1
11462	121	2	7	2	1
11463	121	3	6	1	1
11479	121	3	8	1	1
11481	121	2	2	2	2
11488	121	2	5	2	2
11495	121	1	2	1	1
11497	121	3	10	1	1
11499	121	1	5	2	1
11501	121	2	5	2	2
11503	121	1	13	1	1
11531	121	1	2	1	2
11543	121	1	7	2	2
11544	121	1	7	2	2
11561	121	2	5	1	1
11562	121	1	2	2	1
11569	121	2	8	2	2
11590	121	3	3	2	1
11594	121	2	9	2	1
11611	121	3	2	2	2
11621	121	2	6	2	1
11624	121	2	1	2	1
11627	121	1	3	2	1
11628	121	1	6	2	1
11632	121	3	7	1	2
11633	121	2	3	2	2
11639	121	1	2	1	1
11648	121	3	4	2	2
11652	121	3	10	1	1
11654	121	1	3	2	1
11655	121	3	3	1	1
11664	121	2	3	2	1
11665	121	3	4	2	1
11672	121	1	1	1	1
11677	121	3	14	2	2
11678	121	2	4	2	1
11683	121	2	11	1	2
11689	121	2	9	2	1
11692	121	2	3	2	1
11694	121	4	5	1	1
11705	121	1	1	1	1
11709	121	2	6	1	1
11711	121	1	8	1	2
11722	121	4	9	1	1
11723	121	1	2	2	2
11746	121	2	4	1	2
11747	121	3	2	1	1
11750	121	4	1	2	2
11762	121	1	9	1	2
11769	121	1	12	1	1
11774	121	3	7	2	1
11778	121	1	NA	2	1
11779	121	0	2	2	1
11782	121	4	6	1	1
11791	121	2	5	1	1
11798	121	1	11	2	2
11801	121	3	4	1	1
11802	121	1	1	2	1
11808	121	1	6	2	1
11818	121	2	1	1	1
11819	121	3	4	2	1
11820	121	2	2	1	1
11828	121	1	16	1	1
11832	121	3	3	1	2
11833	121	1	5	2	2
11841	121	1	6	2	1
11857	121	3	2	2	2
11865	121	2	1	1	1
11882	121	1	6	2	1
11907	121	2	NA	1	2
11908	121	1	1	1	2
11912	121	2	3	1	1
11914	121	2	1	2	1
11915	121	1	4	2	1
11916	121	2	5	2	1
11917	121	0	2	1	1
11918	121	2	NA	2	1
11927	121	2	5	2	1
11928	121	2	10	1	2
11936	121	3	1	2	1
11937	121	2	NA	1	1
11938	121	1	NA	1	1
11945	121	1	8	2	2
11946	121	1	10	1	1
11948	121	1	7	2	1
11951	121	2	6	1	1
11956	121	2	8	1	1
11957	121	2	1	2	2
11963	121	1	10	1	1
11969	121	3	10	1	2
11970	121	1	10	2	1
11980	121	1	10	1	1
11984	121	1	11	2	2
11985	121	1	10	1	2
11987	121	3	8	1	2
11997	121	2	6	1	1
11999	121	2	2	1	1
12001	121	3	1	2	1
12005	121	2	2	2	1
12019	121	0	2	1	1
12029	121	2	8	1	1
12039	121	2	12	2	1
12041	121	2	7	1	1
12049	121	3	4	2	1
12072	121	2	3	2	1
12083	121	3	NA	1	1
12087	121	1	4	2	1
12094	121	2	4	2	1
12102	121	2	2	2	1
12105	121	1	5	2	1
12108	121	1	12	1	1
12112	121	2	7	1	1
12113	121	2	NA	1	1
12116	121	3	NA	2	1
12127	121	1	3	1	1
12128	121	2	3	2	1
12129	121	2	2	1	2
12130	121	3	12	1	1
12154	121	2	2	2	1
12158	121	3	2	1	1
12159	121	2	9	1	1
12172	121	3	5	1	1
12177	121	2	14	1	1
12184	121	3	8	1	1
12203	121	1	4	1	1
12206	121	1	14	1	1
12207	121	2	7	2	1
12212	121	1	5	2	1
12220	121	1	3	2	1
12221	121	2	1	2	1
12231	121	1	1	2	1
12240	121	1	9	2	1
12242	121	3	4	1	1
12246	121	3	6	1	1
12248	121	2	1	2	1
12249	121	2	5	2	1
12250	121	2	10	1	1
12266	121	2	9	2	1
12273	121	0	4	1	1
12277	121	2	NA	1	1
12289	121	3	1	2	1
12292	121	0	1	2	1
12295	121	1	2	1	1
12299	121	1	16	2	1
12300	121	1	5	2	1
12309	121	3	6	2	1
12310	121	2	2	1	1
12316	121	2	2	1	2
12325	121	2	1	2	1
12334	121	3	12	1	1
12337	121	3	8	1	1
12340	121	2	1	1	1
12347	121	3	2	1	1
12351	121	2	1	1	1
12354	121	1	1	1	1
12356	121	2	1	2	1
12360	121	0	3	1	1
12372	121	2	12	1	1
12391	121	2	2	1	1
12394	121	1	1	2	1
12396	121	3	13	1	1
12399	121	1	2	1	1
12400	121	2	1	1	1
12406	121	2	7	2	1
12408	121	1	8	1	1
12421	121	2	3	2	1
12424	121	4	8	2	1
12439	121	1	1	1	1
12444	121	0	1	1	1
12463	121	2	4	2	1
12472	121	2	9	1	1
12473	121	2	5	1	1
12474	121	2	8	1	1
12480	121	1	2	1	1
12498	121	2	4	2	1
12502	121	3	3	1	1
12503	121	2	7	1	1
12515	121	1	10	1	1
12521	121	2	2	2	1
12538	121	3	2	2	1
12565	121	3	1	1	1
12566	121	2	7	2	1
12573	121	1	14	2	1
12574	121	2	8	2	1
12575	121	1	4	2	1
12584	121	2	4	1	1
12590	121	2	2	1	1
12620	121	2	3	1	1
12622	121	1	9	1	1
12630	121	3	5	2	1
12635	121	3	2	1	1
12647	121	2	2	1	1
12648	121	1	7	1	1
12650	121	2	NA	1	1
12652	121	2	NA	1	1
12664	121	3	2	2	1
12668	121	2	1	2	1
12676	121	1	4	1	1
12690	121	3	12	1	1
12710	121	2	6	2	2
12718	121	3	12	1	1
12719	121	2	5	1	1
12723	121	2	7	1	1
12727	121	1	7	2	1
12728	121	1	4	1	2
12730	121	4	3	2	1
12732	121	2	3	2	1
12733	121	3	3	2	1
12734	121	3	2	1	1
12743	121	3	7	2	1
12752	121	2	3	1	1
12754	121	1	2	1	1
12756	121	1	3	1	1
12760	121	3	7	2	1
12761	121	0	2	1	1
12762	121	2	5	1	1
12764	121	2	6	2	1
12766	121	2	10	1	1
12768	121	2	2	1	1
12772	121	3	1	1	1
12781	121	2	10	2	1
12790	121	4	1	1	1
12791	121	2	1	2	1
12792	121	2	8	1	1
12807	121	2	10	1	1
12810	121	2	7	2	1
12818	121	1	4	1	1
12839	121	3	1	2	1
12844	121	2	6	2	1
12847	121	1	3	2	1
12848	121	3	3	1	1
12850	121	2	3	1	1
12862	121	3	1	1	1
12864	121	2	2	2	1
12867	121	1	2	1	1
12878	121	3	10	1	1
12887	121	3	5	2	1
12888	121	1	4	1	1
12893	121	3	5	2	1
12894	121	1	14	1	1
12901	121	2	12	1	1
12905	121	3	10	2	1
12909	121	2	1	2	1
12914	121	2	4	2	1
12922	121	2	14	1	2
12926	121	1	1	1	1
12932	121	1	4	2	1
12939	121	3	8	2	1
12952	121	1	6	1	1
12961	121	2	7	2	1
12962	121	1	8	2	1
12963	121	0	7	1	1
12964	121	2	4	1	1
12966	121	2	13	2	1
12985	121	2	3	2	1
12986	121	2	12	1	1
13005	121	3	6	2	1
13022	121	2	6	2	1
13028	121	1	3	1	1
13030	121	1	4	2	1
13033	121	2	1	1	1
13037	121	1	1	2	1
13038	121	1	6	2	1
13041	121	1	3	2	1
13044	121	2	1	2	1
13051	121	1	1	2	1
13053	121	2	11	2	2
13060	121	2	2	1	1
13065	121	2	1	2	1
13069	121	2	8	2	1
13071	121	0	5	1	1
13074	121	1	5	2	1
13075	121	1	5	2	1
13078	121	1	3	1	1
13081	121	3	4	1	1
13087	121	2	5	2	1
13088	121	1	3	2	2
13106	121	3	4	1	1
13107	121	2	2	2	1
13118	121	1	2	1	1
13146	121	1	12	1	1
13151	121	2	1	2	1
13153	121	3	11	1	1
13158	121	3	12	2	2
13159	121	3	9	1	2
13160	121	3	6	1	2
13172	121	3	6	1	2
13173	121	2	12	1	1
13178	121	2	6	1	1
13181	121	1	5	1	1
13182	121	1	3	2	1
13183	121	1	6	1	1
13184	121	2	9	1	1
13185	121	1	10	1	1
13187	121	3	4	1	1
13188	121	3	2	2	1
13189	121	2	6	1	1
13190	121	3	12	1	1
13191	121	2	NA	1	1
13192	121	1	1	1	1
13199	121	1	13	1	1
13200	121	1	10	2	1
13201	121	3	3	1	1
13202	121	3	2	1	1
13205	121	3	4	1	1
13212	121	3	12	1	1
13222	121	1	7	1	1
13257	121	1	1	2	1
13259	121	2	3	1	1
13261	121	1	6	2	1
13262	121	2	3	2	1
13263	121	0	7	2	1
13266	121	2	2	1	1
13286	121	3	1	1	1
13292	121	0	8	2	1
13299	121	2	7	1	1
13310	121	1	6	1	1
13311	121	1	4	2	1
13314	121	1	1	2	1
13322	121	2	3	2	1
13333	121	2	5	2	1
13355	121	2	4	1	1
13372	121	4	2	1	1
13406	121	1	2	2	1
13409	121	3	2	2	1
13411	121	0	8	2	1
13414	121	2	2	2	1
13415	121	1	7	1	1
13418	121	0	2	2	1
13419	121	2	9	2	1
13424	121	2	11	2	1
13428	121	2	3	1	1
13435	121	3	5	2	1
13454	121	2	3	2	1
13458	121	1	2	2	1
13460	121	1	1	1	1
13463	121	2	4	2	1
13465	121	3	4	1	1
13468	121	3	14	1	1
13469	121	1	10	1	1
13470	121	3	2	1	1
13471	121	2	2	2	1
13496	121	2	NA	1	1
13508	121	3	6	1	1
13527	121	2	NA	1	1
13530	121	3	11	1	1
13544	121	1	8	2	1
13545	121	2	12	1	1
13550	121	0	4	2	1
13553	121	2	1	1	1
13596	121	2	3	1	1
13618	121	2	1	2	1
13638	121	2	8	2	1
13639	121	1	4	1	1
13644	121	1	6	1	1
13651	121	1	3	1	1
13655	121	2	4	1	1
13664	121	3	4	1	1
13666	121	1	2	2	1
13667	121	2	4	2	1
13668	121	2	2	1	1
13674	121	2	4	1	1
13678	121	1	9	1	1
13689	121	2	NA	1	1
13702	121	1	9	1	1
13705	121	2	12	2	1
13712	121	1	1	2	1
13714	121	2	2	1	1
13719	121	4	8	1	2
13729	121	2	5	2	1
13732	121	4	11	2	1
13767	121	4	6	1	1
13773	121	1	1	1	1
13774	121	4	3	1	1
13782	121	3	9	1	1
13792	121	2	1	2	1
13793	121	1	3	2	1
13796	121	2	12	2	1
13811	121	3	5	1	1
13814	121	2	2	2	1
13819	121	2	9	2	1
13820	121	1	NA	1	1
13829	121	1	7	2	1
13835	121	1	4	2	1
13836	121	2	6	2	1
13869	121	3	6	2	1
13870	121	2	5	2	1
13873	121	3	4	1	1
13874	121	2	10	2	1
13878	121	3	11	1	1
13883	121	1	12	1	1
13885	121	3	12	2	1
13887	121	3	2	1	1
13895	121	2	1	1	1
13906	121	0	2	2	1
13924	121	1	3	1	1
13925	121	1	7	2	1
13937	121	3	3	1	1
13948	121	1	2	2	1
13952	121	2	1	1	1
13953	121	1	NA	2	1
13954	121	2	7	1	1
13955	121	2	1	2	1
13956	121	1	7	1	1
13968	121	2	3	1	1
13990	121	0	7	2	1
13991	121	3	10	1	1
13996	121	3	9	1	1
14002	121	2	2	2	1
14039	121	3	NA	2	1
14054	121	1	9	1	1
14081	121	0	7	2	1
14084	121	1	8	2	1
14089	121	3	1	1	1
14090	121	3	8	2	1
14099	121	2	8	2	1
14100	121	2	2	1	1
14103	121	2	10	2	1
14104	121	2	4	1	1
14106	121	1	7	2	1
14107	121	1	2	2	1
14110	121	3	3	1	1
14112	121	1	9	1	1
14113	121	2	5	1	1
14115	121	3	10	2	1
14116	121	2	12	2	1
14123	121	1	1	2	1
14125	121	1	6	1	1
14130	121	2	2	2	1
14132	121	2	1	2	1
14136	121	1	4	1	1
14142	121	3	2	2	1
14143	121	0	10	2	1
14144	121	1	9	2	1
14147	121	2	2	1	1
14150	121	1	6	1	1
14151	121	3	8	1	1
14152	121	2	7	1	1
14155	121	1	3	2	1
14165	121	0	9	1	1
14175	121	3	2	2	1
14179	121	1	4	2	1
14181	121	2	2	2	1
14189	121	1	12	1	1
14190	121	2	NA	1	1
14197	121	3	1	1	1
14208	121	2	3	2	1
14220	121	1	4	1	1
14229	121	2	8	1	1
14237	121	2	9	2	1
14241	121	2	NA	2	1
14256	121	3	7	2	1
14258	121	2	8	2	1
14259	121	2	6	2	1
14263	121	1	7	1	1
14284	121	1	6	2	1
14286	121	2	1	1	1
14291	121	2	4	1	1
14296	121	2	7	2	1
14297	121	1	8	2	1
14304	121	1	2	1	1
14325	121	3	3	2	1
14330	121	2	9	2	1
14332	121	2	5	1	1
14334	121	1	10	2	1
14344	121	2	4	1	1
14353	121	2	NA	1	1
14361	121	1	8	1	1
14370	121	2	1	1	1
14379	121	1	1	2	1
14380	121	2	2	2	1
14381	121	1	8	1	1
14398	121	3	8	2	1
14418	121	1	9	2	1
14421	121	1	8	2	1
14422	121	2	3	2	1
14436	121	3	8	1	1
14438	121	4	3	1	1
14444	121	1	7	1	1
14483	121	1	6	2	1
14504	121	0	7	1	1
14505	121	3	12	2	1
14517	121	3	5	2	1
14519	121	1	3	1	1
14520	121	3	5	2	1
14531	121	2	5	1	1
14546	121	1	1	1	1
14555	121	1	2	1	1
14559	121	3	2	2	1
14570	121	1	NA	1	1
14576	121	1	14	1	1
14581	121	2	3	2	1
14588	121	2	NA	1	1
14590	121	4	8	1	1
14591	121	2	6	1	1
14597	121	2	8	1	1
14598	121	3	2	1	1
14613	121	1	11	1	1
14625	121	1	6	1	1
14636	121	2	1	1	1
14641	121	1	3	2	1
14650	121	1	5	2	1
14671	121	1	4	1	1
14676	121	3	1	2	1
14695	121	2	4	2	1
14704	121	3	8	2	1
14707	121	3	4	2	1
14720	121	2	2	2	1
14722	121	3	8	1	1
14724	121	3	4	1	1
14734	121	2	6	1	1
14735	121	2	1	2	1
14739	121	2	1	2	1
14747	121	1	6	2	1
14748	121	2	3	2	1
14749	121	2	11	2	1
14759	121	2	10	2	1
14761	121	2	NA	2	1
14764	121	3	5	2	1
14778	121	2	NA	2	1
14783	121	2	10	1	1
14784	121	2	3	2	1
14785	121	2	4	2	1
14789	121	3	1	1	1
14796	121	3	NA	1	1
14797	121	3	6	2	1
14810	121	3	4	2	1
14812	121	2	5	2	1
14816	121	0	9	2	1
14825	121	0	6	2	1
14831	121	3	11	1	1
14832	121	2	5	2	1
14833	121	2	3	2	1
14835	121	2	3	1	1
14836	121	4	3	1	1
14839	121	2	5	2	1
14855	121	1	9	2	1
14869	121	3	14	1	1
14870	121	2	1	1	1
14875	121	1	8	1	1
14883	121	2	2	1	1
14887	121	1	6	1	1
14892	121	1	4	1	1
14894	121	3	1	1	1
14896	121	2	14	1	1
14902	121	2	2	1	1
14913	121	1	10	2	1
14918	121	3	12	2	1
14919	121	3	4	2	1
14928	121	2	6	1	1
14934	121	3	9	2	1
14935	121	2	4	1	1
14944	121	3	3	2	1
14946	121	2	4	1	1
14949	121	3	7	1	1
14979	121	2	8	2	1
14986	121	3	10	1	1
14990	121	1	1	2	1
15007	121	1	2	2	1
15012	121	2	2	1	1
15013	121	1	1	1	1
15023	121	3	6	1	1
15024	121	3	3	1	1
15028	121	3	9	2	1
15065	121	3	14	1	1
15070	121	1	9	2	1
15091	121	0	6	2	1
15102	121	3	8	1	1
15103	121	2	3	2	1
15107	121	2	3	2	1
15119	121	1	8	2	1
15130	121	3	5	2	1
15131	121	2	9	2	1
15145	121	2	12	2	1
15163	121	2	9	2	1
15164	121	1	11	2	1
15170	121	2	14	1	1
15171	121	1	6	1	1
15172	121	3	11	2	1
15183	121	2	5	2	1
15187	121	2	11	1	1
15192	121	2	2	2	1
15200	121	2	5	1	1
15201	121	1	4	2	1
15204	121	2	1	1	1
15209	121	1	10	1	1
15216	121	2	16	1	1
15224	121	3	8	2	1
15231	121	2	8	1	1
15234	121	2	10	1	1
15238	121	3	8	2	1
15241	121	1	14	1	1
15242	121	1	2	2	1
15245	121	1	2	2	1
15248	121	2	2	1	1
15253	121	3	12	2	1
15263	121	1	8	1	1
15284	121	2	6	2	1
15285	121	3	5	1	1
15287	121	2	3	1	1
15322	121	1	3	1	1
15323	121	3	3	1	1
15331	121	1	6	1	1
15338	121	2	5	1	1
15346	121	4	3	2	1
15356	121	1	10	1	1
15362	121	1	2	2	1
15371	121	1	1	1	1
15390	121	2	9	2	1
15393	121	2	6	2	1
15400	121	3	3	1	1
15406	121	1	11	1	1
15436	121	3	14	2	1
15437	121	3	5	2	1
15440	121	1	13	1	1
15456	121	2	10	2	1
15485	121	2	2	2	1
15503	121	1	4	2	1
15508	121	1	8	2	1
15516	121	2	4	1	1
15521	121	2	7	1	1
15523	121	3	7	2	1
15527	121	2	5	2	1
15531	121	3	2	2	1
15535	121	3	8	1	1
15542	121	2	6	1	1
15545	121	1	8	1	1
15546	121	2	9	2	1
15550	121	3	3	1	1
15567	121	2	4	1	1
15570	121	4	8	1	1
15574	121	1	9	2	1
15575	121	3	13	1	1
15576	121	1	12	2	1
15579	121	2	13	1	1
15588	121	1	6	2	1
15599	121	4	10	1	1
15618	121	3	2	1	1
15619	121	3	3	2	1
15627	121	2	2	2	1
15630	121	2	9	2	1
15637	121	2	9	2	1
15641	121	3	NA	1	1
15642	121	1	5	1	1
15649	121	2	15	2	1
15660	121	3	3	2	1
15663	121	4	6	1	1
15677	121	2	8	1	1
15692	121	1	11	2	1
15697	121	1	10	1	1
15703	121	1	4	1	1
15704	121	2	6	2	1
15710	121	1	3	1	1
15715	121	2	2	1	1
15717	121	3	4	1	1
15722	121	2	11	1	1
15735	121	3	2	1	1
15750	121	1	3	1	1
15757	121	1	2	2	1
15761	121	1	NA	1	1
15767	121	3	1	1	1
15771	121	2	8	2	1
15778	121	3	3	1	1
15781	121	1	4	1	1
15785	121	2	6	1	1
15800	121	2	1	1	1
15803	121	3	8	1	1
15815	121	2	11	2	1
15819	121	2	2	2	1
15820	121	2	5	1	1
15836	121	3	3	2	1
15848	121	2	11	1	1
15862	121	2	NA	2	1
15864	121	3	3	1	1
15889	121	2	1	2	1
15892	121	2	4	1	1
15901	121	3	14	1	1
15906	121	3	10	1	1
15914	121	1	5	1	1
15916	121	2	8	1	1
15924	121	3	3	2	1
15939	121	2	5	1	1
15940	121	3	11	2	1
15943	121	2	8	2	1
15965	121	1	4	2	1
15971	121	2	4	1	1
15974	121	1	3	1	1
15978	121	0	1	1	1
15985	121	3	3	1	1
15986	121	3	12	1	1
15997	121	1	3	2	1
16011	121	2	1	2	1
16021	121	3	1	1	1
16037	121	4	13	2	1
16043	121	2	1	1	1
16044	121	1	7	1	1
16047	121	2	7	2	1
16048	121	1	10	2	1
16051	121	1	9	1	1
16101	121	1	3	1	1
16107	121	1	13	1	1
16117	121	2	12	2	1
16120	121	1	8	2	1
16122	121	3	5	1	1
16123	121	1	2	1	1
16125	121	2	8	2	1
16129	121	2	1	1	1
16146	121	0	2	1	1
16148	121	1	3	1	1
16153	121	0	10	2	1
16158	121	4	4	1	1
16159	121	1	10	2	1
16179	121	2	3	2	1
16182	121	3	17	2	2
16185	121	3	17	2	2
16186	121	1	3	1	1
16187	121	2	4	2	1
16197	121	2	6	1	1
16200	121	2	6	1	1
16201	121	2	6	1	1
16208	121	2	11	2	1
16210	121	2	4	1	1
16214	121	2	7	1	1
16217	121	1	4	1	1
16221	121	1	7	1	1
16243	121	2	6	2	1
16296	121	2	4	2	1
16299	121	2	2	1	1
16300	121	1	1	2	1
16301	121	1	11	2	1
16302	121	1	7	1	1
16303	121	2	4	1	1
16305	121	2	NA	2	1
16309	121	3	5	1	1
16312	121	2	2	1	1
16355	121	2	NA	1	1
16599	121	2	2	1	1
16663	121	3	11	1	1
16752	121	2	4	2	1
16921	121	1	10	1	1
16954	121	3	3	1	1
17005	121	2	14	2	1
17103	121	2	7	1	1
17256	121	2	6	1	1
17271	121	3	2	1	1
17356	121	2	6	2	1
17357	121	3	5	1	1
17467	121	1	3	1	1
17468	121	1	9	1	1
17532	121	2	5	1	1
17533	121	2	5	2	1
17540	121	3	6	2	1
17545	121	1	NA	2	1
17608	121	2	3	2	1
17670	121	2	1	1	1
17774	121	2	7	2	1
17803	121	1	8	1	1
17853	121	2	3	2	1
17854	121	2	3	2	1
17906	121	3	6	2	1
17918	121	1	7	1	1
17931	121	1	2	2	1
17934	121	2	2	2	1
18026	121	3	8	1	1
18051	121	2	3	1	1
18113	121	1	4	1	1
18142	121	1	9	1	1
18202	121	2	6	2	1
18236	121	2	10	2	1
18291	121	3	9	1	1
18349	121	2	2	1	1
18365	121	3	13	2	1
18367	121	2	2	2	1
18403	121	2	3	2	1
18417	121	3	NA	1	1
18426	121	1	4	1	1
18428	121	2	NA	2	1
18486	121	2	2	2	1
18549	121	3	13	1	1
18560	121	2	3	2	1
18596	121	2	14	2	1
18647	121	2	7	1	1
18702	121	2	3	2	1
18733	121	2	7	1	1
18783	121	2	3	1	1
18891	121	3	9	2	1
18908	121	2	1	1	1
19033	121	1	12	2	1
19034	121	3	6	1	1
19035	121	2	4	2	1
19043	121	2	8	2	1
19174	121	3	8	1	1
19175	121	3	10	2	1
19220	121	3	10	1	1
19221	121	2	14	2	1
19223	121	4	4	1	1
19226	121	2	2	2	1
19256	121	2	4	2	1
19310	121	1	2	2	1
19320	121	1	2	1	1
19370	121	3	6	1	1
19398	121	1	NA	1	1
19660	121	2	1	1	1
19746	121	2	13	2	1
19750	121	1	NA	1	1
19781	121	1	5	1	1
19787	121	3	4	2	1
19793	121	2	NA	1	1
19827	121	2	9	1	1
19830	121	1	4	2	1
19861	121	2	NA	2	1
19874	121	2	1	1	1
19879	121	2	7	2	1
19904	121	2	1	2	1
19943	121	2	NA	2	1
19950	121	2	NA	2	1
19987	121	2	NA	2	1
20030	121	2	1	2	1
20059	121	3	NA	2	1
20137	121	1	NA	2	1
20139	121	1	NA	2	1
20158	121	3	11	1	1
20209	121	2	NA	1	1
20210	121	2	11	1	1
20239	121	2	6	1	1
20254	121	2	15	1	1
20280	121	1	4	2	1
20286	121	2	NA	1	1
20303	121	1	4	2	1
20324	121	3	13	1	1
20362	121	1	10	1	1
20363	121	1	NA	1	1
20367	121	1	NA	1	1
20368	121	3	8	2	1
20383	121	3	NA	1	1
20420	121	1	2	1	1
20424	121	3	4	1	1
20479	121	3	2	1	1
20520	121	3	6	1	1
20527	121	1	3	1	1
20529	121	2	5	1	1
20616	121	1	8	2	1
20617	121	2	9	2	1
20628	121	2	1	1	1
20629	121	3	2	1	1
20678	121	2	1	1	1
20682	121	3	NA	1	1
20687	121	1	5	2	1
20689	121	3	5	2	1
20692	121	2	11	1	1
20776	121	3	1	1	1
20823	121	1	1	2	1
20843	121	2	2	1	1
20859	121	4	2	1	1
20860	121	3	2	2	1
20921	121	3	11	1	1
20936	121	2	2	1	1
20951	121	2	3	2	1
20960	121	3	4	2	1
20974	121	3	NA	1	1
20975	121	4	8	1	1
21026	121	2	1	1	1
21075	121	2	NA	2	1
21106	121	1	NA	1	1
21158	121	2	1	2	1
21160	121	1	11	1	1
21170	121	3	5	1	1
21233	121	3	NA	1	1
21235	121	1	22	1	1
21238	121	3	NA	1	1
21239	121	2	NA	1	1
21254	121	1	3	2	1
21260	121	2	NA	2	1
21264	121	2	8	2	1
21294	121	2	11	1	1
21341	121	2	11	1	1
21345	121	2	NA	2	1
21352	121	2	6	1	1
21354	121	2	6	2	1
21357	121	4	8	1	1
21409	121	1	5	2	1
21428	121	2	1	2	1
21440	121	1	NA	2	1
21496	121	2	3	1	1
21534	121	1	7	2	1
21565	121	2	6	2	1
21590	121	2	13	1	1
21597	121	2	NA	2	1
21620	121	1	2	2	1
21627	121	2	4	2	1
21672	121	2	11	1	1
21728	121	2	2	1	1
21761	121	1	1	1	1
21782	121	2	5	1	1
21804	121	2	9	1	1
21806	121	2	2	2	1
21815	121	2	14	1	1
21816	121	2	14	1	1
21835	121	2	3	2	1
21858	121	3	7	1	1
21866	121	3	9	2	1
21888	121	1	NA	2	1
21925	121	2	NA	2	1
21978	121	1	8	1	1
22024	121	2	12	1	1
22026	121	2	10	1	1
22159	121	2	1	1	1
22167	121	3	9	1	2
22181	121	2	8	1	1
22212	121	2	7	2	2
22250	121	1	8	2	1
22251	121	2	2	1	1
22252	121	1	1	1	1
22256	121	1	7	2	1
22279	121	1	6	2	1
22298	121	3	8	1	1
22319	121	4	2	1	1
22342	121	0	6	2	1
22359	121	2	2	1	1
22384	121	3	2	1	1
22385	121	2	NA	2	1
22386	121	2	NA	2	1
22388	121	3	NA	1	1
22396	121	3	8	2	1
22397	121	2	6	2	1
22405	121	2	3	2	1
22488	121	3	4	2	1
22527	121	2	6	2	1
22548	121	1	11	1	1
22582	121	1	4	2	1
22590	121	3	1	2	1
22636	121	1	3	1	1
22653	121	2	2	2	1
22733	121	1	3	2	1
22735	121	1	3	2	1
22791	121	2	1	1	1
22830	121	1	4	2	1
22843	121	1	1	1	1
22871	121	2	4	2	1
22877	121	3	2	2	1
22923	121	2	1	2	1
22964	121	3	5	1	1
22997	121	2	8	1	1
23244	121	1	NA	2	1
23411	121	1	3	2	1
23413	121	2	5	1	1
23414	121	2	2	2	1
23432	121	3	2	1	1
23517	121	2	4	1	1
23577	121	1	NA	2	1
23588	121	2	1	2	1
23604	121	3	NA	1	1
23828	121	3	9	2	1
23901	121	1	12	1	1
23962	121	2	1	2	1
23963	121	2	NA	2	1
24108	121	0	17	2	1
24165	121	2	8	2	1
24393	121	3	NA	1	1
24626	121	3	8	2	1
24661	121	3	1	1	1
24691	121	1	6	1	1
25185	121	2	9	2	1
25265	121	3	NA	2	1
25266	121	3	NA	2	1
25275	121	3	6	1	1
25316	121	3	8	1	1
25317	121	1	2	2	1
25327	121	2	3	1	1
25377	121	3	NA	1	1
25396	121	2	2	1	1
25448	121	2	NA	2	1
25506	121	2	4	2	1
25516	121	1	12	1	1
25517	121	1	11	1	1
25590	121	1	1	1	1
25618	121	2	3	2	1
25634	121	1	3	2	1
25655	121	3	4	1	1
25698	121	3	2	2	1
25714	121	2	3	2	1
25813	121	1	NA	2	1
25815	121	2	NA	2	1
25832	121	1	5	2	1
25875	121	2	6	2	1
25884	121	4	1	1	1
25974	121	2	6	2	1
26067	121	2	3	2	1
26080	121	2	6	2	1
26129	121	3	2	1	1
26130	121	0	NA	2	1
26249	121	1	NA	1	1
26291	121	1	4	2	1
26313	121	2	NA	2	1
26463	121	2	1	1	1
26490	121	2	10	1	1
26492	121	1	11	2	1
26503	121	1	2	2	1
26582	121	1	17	2	1
26683	121	3	17	1	1
26777	121	2	NA	2	1
26812	121	3	5	1	1
26844	121	2	9	2	1
26863	121	1	11	1	1
26868	121	3	13	1	1
26871	121	1	7	2	1
26883	121	3	5	1	1
26922	121	2	7	2	1
26936	121	2	1	2	1
26971	121	1	10	1	1
26977	121	1	NA	1	1
26992	121	1	2	2	1
27011	121	1	3	1	1
27059	121	2	1	1	1
27084	121	2	4	2	1
27089	121	3	NA	1	1
27192	121	3	5	2	1
27231	121	2	9	2	1
27297	121	2	1	1	1
27348	121	3	5	2	1
27368	121	3	1	2	1
27373	121	3	6	1	1
27413	121	2	3	1	1
27462	121	2	1	2	1
27475	121	2	2	2	1
27478	121	3	NA	1	1
27555	121	3	NA	2	1
27559	121	3	7	2	1
27573	121	3	NA	2	1
27594	121	2	1	1	1
27640	121	2	11	1	1
27663	121	2	2	2	1
27665	121	2	5	2	1
27681	121	1	12	2	1
27731	121	1	NA	2	1
27760	121	2	NA	1	1
27849	121	2	5	1	1
27850	121	3	NA	2	1
27853	121	0	6	1	1
27929	121	2	6	1	1
27944	121	2	7	1	1
27946	121	2	3	2	1
27951	121	1	1	1	1
27956	121	2	NA	2	1
27986	121	2	4	1	1
27998	121	3	3	2	1
27999	121	2	NA	2	1
28004	121	2	2	1	1
28005	121	3	7	2	1
28013	121	3	4	1	1
28017	121	2	12	2	1
28031	121	2	NA	1	1
28040	121	2	2	2	1
28046	121	2	3	2	1
28067	121	2	3	1	1
28068	121	2	4	1	1
28078	121	1	4	1	1
28094	121	2	16	1	1
28099	121	1	12	1	1
28100	121	3	3	1	1
28102	121	3	NA	1	1
28107	121	1	NA	1	1
28120	121	1	2	1	1
28138	121	2	2	2	1
28145	121	2	9	1	1
28150	121	3	14	1	1
28163	121	2	9	2	1
28165	121	1	3	1	1
28208	121	2	4	2	1
28209	121	3	1	1	1
28218	121	3	3	1	1
28226	121	1	2	2	1
28231	121	1	NA	1	1
28237	121	3	10	2	1
28246	121	1	13	1	1
28261	121	2	9	1	1
28269	121	1	8	1	1
28275	121	1	10	1	1
28278	121	3	7	1	1
28290	121	2	9	1	1
28299	121	1	13	1	1
28314	121	4	1	2	1
28316	121	2	5	2	1
28323	121	1	NA	1	1
28336	121	2	NA	2	1
28339	121	2	8	1	1
28348	121	1	3	2	1
28354	121	2	16	2	1
28356	121	1	4	1	1
28361	121	1	NA	1	1
28362	121	2	NA	1	1
28365	121	2	3	1	1
28373	121	1	10	2	1
28374	121	3	NA	1	1
28376	121	2	2	1	1
28387	121	1	5	1	1
28409	121	1	10	1	1
28424	121	3	NA	1	1
28425	121	2	NA	2	1
28432	121	2	1	2	1
28433	121	3	NA	1	1
28438	121	3	13	1	1
28440	121	1	3	1	1
28445	121	1	NA	1	1
28450	121	3	NA	2	1
28453	121	1	11	1	1
28459	121	2	1	1	1
28482	121	3	2	1	1
28495	121	1	5	2	1
28502	121	2	NA	2	1
28525	121	2	1	1	1
28529	121	1	11	2	1
28535	121	1	8	1	1
28538	121	3	1	1	1
28544	121	3	1	2	1
28558	121	2	10	2	1
28561	121	2	9	1	1
28583	121	3	10	2	1
28586	121	1	NA	2	1
28597	121	2	1	2	1
28604	121	2	8	2	1
28623	121	1	NA	1	1
28625	121	2	10	2	1
28629	121	2	4	2	1
28635	121	1	9	1	1
28636	121	1	9	2	1
28658	121	2	9	1	1
28661	121	3	NA	2	1
28674	121	2	NA	2	1
28706	121	1	5	1	1
28718	121	2	1	2	1
28721	121	3	3	1	1
28724	121	1	6	2	1
28731	121	2	1	2	1
28754	121	1	13	1	1
28756	121	1	4	2	1
28760	121	0	17	2	1
28775	121	2	1	2	1
28779	121	1	1	2	1
28781	121	2	3	1	1
28782	121	1	NA	2	1
28783	121	2	NA	2	1
28791	121	2	1	2	1
28793	121	1	9	2	1
28797	121	1	1	1	1
28851	121	3	13	1	1
28870	121	3	2	1	1
28874	121	2	5	2	1
28875	121	3	2	1	1
28906	121	2	1	1	1
28945	121	2	2	1	1
28954	121	2	7	2	1
28968	121	2	3	2	1
28997	121	3	6	2	1
29049	121	3	3	2	1
29078	121	1	NA	1	1
29098	121	2	6	1	1
29128	121	3	8	1	1
29146	121	2	NA	2	1
29166	121	2	6	2	1
29251	121	3	5	2	1
29258	121	2	10	2	1
29282	121	3	6	2	1
29283	121	3	3	1	1
29316	121	2	1	1	1
29332	121	1	12	2	1
29389	121	2	13	2	1
29442	121	2	NA	2	1
29460	121	2	1	2	1
29476	121	3	10	2	1
29480	121	3	2	1	1
29488	121	2	1	2	1
29509	121	2	3	2	1
29573	121	1	NA	2	1
29631	121	3	1	1	1
29681	121	1	NA	1	1
29690	121	1	5	2	1
29696	121	3	2	2	1
29705	121	1	16	2	1
29711	121	2	16	1	1
29728	121	1	1	1	1
29769	121	1	13	1	1
29815	121	3	3	1	1
29831	121	1	11	1	1
29845	121	1	NA	2	1
29867	121	1	NA	1	1
29880	121	2	NA	2	1
29895	121	3	1	1	1
29896	121	3	5	1	1
29909	121	2	NA	2	1
29931	121	4	2	1	1
29936	121	1	10	2	1
30009	121	3	1	1	1
30012	121	2	1	1	1
30022	121	2	NA	1	1
30073	121	2	3	2	1
30154	121	3	NA	2	1
30293	121	2	5	2	1
30348	121	3	NA	1	1
30350	121	2	NA	1	1
30396	121	2	6	2	1
30397	121	2	2	2	1
30407	121	1	2	1	1
30525	121	1	5	2	1
30527	121	2	4	2	1
30580	121	2	NA	1	1
30621	121	2	NA	1	1
30647	121	2	1	2	1
30648	121	2	1	2	1
30670	121	2	3	1	1
30709	121	3	10	1	1
30805	121	1	1	2	1
30816	121	2	1	2	1
30838	121	2	NA	2	1
30841	121	1	NA	1	1
30850	121	1	4	2	1
30851	121	3	NA	1	1
30944	121	1	1	2	1
30946	121	4	3	1	1
30988	121	3	3	1	1
30995	121	2	6	2	1
31010	121	2	10	1	1
31013	121	1	15	2	1
31099	121	1	5	1	1
31121	121	4	2	1	1
31131	121	3	1	2	1
31180	121	2	13	2	1
31260	121	1	6	1	1
31314	121	3	5	1	1
31357	121	2	3	1	1
31376	121	2	6	1	1
31412	121	2	NA	2	1
31413	121	3	1	1	1
31489	121	2	3	2	1
31693	121	2	5	2	1
31727	121	1	NA	2	1
31757	121	1	3	2	1
31770	121	2	6	2	1
31783	121	2	NA	2	1
31799	121	3	2	2	1
31822	121	2	1	1	1
31827	121	3	7	2	1
31975	121	1	NA	2	1
31977	121	2	11	2	1
31986	121	2	13	2	1
32042	121	1	13	2	1
32070	121	3	2	1	1
32091	121	2	11	2	1
32168	121	1	NA	2	1
32218	121	3	NA	1	1
32396	121	1	7	1	1
32417	121	2	3	2	1
32433	121	3	13	2	1
32461	121	2	1	2	1
32538	121	2	10	2	1
32638	121	3	6	2	1
32643	121	2	7	1	1
32668	121	2	6	2	1
32697	121	2	9	2	1
32722	121	1	8	1	1
32746	121	1	9	1	1
32768	121	2	9	2	1
32848	121	2	5	2	1
32858	121	2	13	2	1
32918	121	1	3	2	1
32993	121	1	14	1	1
33000	121	3	9	1	1
33024	121	2	5	1	1
33068	121	3	14	2	1
33077	121	1	4	2	1
33090	121	2	NA	2	1
33135	121	1	11	2	1
33148	121	1	6	2	1
33221	121	2	NA	2	1
33294	121	3	3	1	1
33299	121	0	10	1	1
33331	121	2	5	2	1
33348	121	2	11	2	1
33405	121	2	17	2	1
33415	121	1	NA	2	1
33416	121	2	1	2	1
33460	121	3	3	1	1
33488	121	1	NA	1	1
33490	121	2	14	2	1
33511	121	1	5	1	1
33547	121	2	10	1	1
33575	121	2	7	1	1
33692	121	1	4	1	1
33711	121	1	8	2	1
33723	121	2	7	1	1
33786	121	3	8	2	1
33802	121	2	2	2	1
33810	121	2	NA	2	1
33924	121	3	10	1	1
33984	121	3	6	2	1
33993	121	2	1	1	1
34004	121	2	2	2	1
34081	121	2	NA	1	1
34128	121	2	13	2	1
34139	121	1	NA	2	1
34181	121	1	13	1	1
34187	121	1	9	1	1
34285	121	3	6	1	1
34330	121	1	7	2	1
34505	121	1	4	2	1
34544	121	2	10	2	1
34620	121	1	2	2	1
34628	121	1	13	2	1
34637	121	1	15	2	1
34639	121	3	2	1	1
34663	121	1	12	2	1
34789	121	2	NA	1	1
34838	121	1	15	1	1
34845	121	2	6	2	1
34847	121	2	12	1	1
34912	121	2	NA	1	1
34918	121	2	8	2	1
34929	121	3	13	1	1
34982	121	3	5	2	1
35006	121	3	2	1	1
35016	121	3	1	1	1
35019	121	3	6	2	1
35045	121	2	4	2	1
35068	121	2	3	1	1
35084	121	2	13	2	1
35234	121	0	12	2	1
35243	121	2	11	1	1
35286	121	2	1	2	1
35302	121	2	3	2	1
35319	121	1	13	1	1
35342	121	1	NA	1	1
35357	121	2	12	2	1
35422	121	3	NA	1	1
35437	121	3	4	2	1
35496	121	1	10	2	1
35526	121	1	NA	2	1
35527	121	2	8	2	1
35541	121	2	NA	2	1
35575	121	3	5	1	1
35577	121	1	8	2	1
35600	121	2	11	2	1
35736	121	2	13	2	1
35754	121	1	5	1	1
35766	121	2	2	2	1
35780	121	2	NA	1	1
35789	121	2	1	2	1
35876	121	0	NA	2	1
35928	121	3	9	2	1
36032	121	3	9	2	1
36051	121	2	18	2	1
36121	121	3	3	1	1
36130	121	3	4	2	1
36154	121	2	NA	2	1
36178	121	2	4	2	1
36182	121	3	9	2	1
36255	121	4	7	1	1
36272	121	3	NA	1	1
36284	121	2	10	2	1
36307	121	3	2	1	1
36309	121	2	2	2	1
36321	121	1	2	2	1
36324	121	2	NA	2	1
36360	121	1	3	2	1
36394	121	3	12	2	1
36485	121	2	5	1	1
36540	121	2	2	2	1
36566	121	2	3	1	1
36609	121	3	2	2	1
36620	121	3	4	1	1
36636	121	1	10	1	1
36644	121	2	3	1	1
36653	121	2	12	2	1
36666	121	1	16	2	1
36683	121	3	7	1	1
36738	121	2	5	2	1
36753	121	2	13	2	1
36871	121	1	9	2	1
36879	121	2	13	1	1
36886	121	1	3	1	1
36890	121	1	5	2	1
36900	121	1	11	2	1
36958	121	2	2	2	1
37006	121	2	3	2	1
37063	121	3	1	2	1
37068	121	1	1	2	1
37075	121	3	12	1	1
37091	121	2	NA	1	1
37136	121	2	10	2	1
37138	121	2	5	1	1
37156	121	2	NA	1	1
37162	121	1	7	2	1
37180	121	3	7	1	1
37198	121	2	7	2	1
37224	121	3	3	2	1
37238	121	1	9	1	1
37272	121	3	NA	2	1
37274	121	1	3	1	1
37341	121	2	14	2	1
37359	121	2	NA	1	1
37392	121	1	10	2	1
37400	121	2	4	2	1
37401	121	1	2	1	1
37460	121	3	1	1	1
37507	121	1	16	2	1
37598	121	1	1	1	1
37609	121	2	6	2	1
37610	121	3	7	1	1
37678	121	2	NA	2	1
37753	121	2	2	2	1
37794	121	3	4	1	1
37867	121	4	10	1	1
37918	121	2	5	1	1
37920	121	2	5	2	1
37926	121	3	11	1	1
37930	121	1	NA	1	1
37937	121	2	2	2	1
37938	121	3	11	2	1
37975	121	1	NA	1	1
38001	121	3	2	1	1
38056	121	2	NA	1	1
38237	121	2	9	1	1
38241	121	2	2	2	1
38261	121	1	3	1	1
38281	121	2	NA	2	1
38283	121	2	7	2	1
38322	121	1	10	2	1
38328	121	1	6	2	1
38331	121	2	5	2	1
38341	121	1	6	1	1
38364	121	3	NA	1	1
38369	121	3	4	2	1
38372	121	1	17	2	1
38398	121	1	2	2	1
38411	121	2	3	2	1
38414	121	2	6	1	1
38424	121	2	1	1	1
38427	121	3	9	1	1
38456	121	2	12	1	1
38477	121	2	NA	1	1
38487	121	2	3	1	1
38519	121	3	7	2	1
38530	121	2	1	2	1
38570	121	2	7	2	1
38574	121	2	NA	1	1
38592	121	2	2	1	1
38671	121	2	1	1	1
38688	121	2	5	1	1
38689	121	2	2	2	1
38701	121	2	NA	1	1
38738	121	1	14	2	1
38743	121	2	NA	1	1
38749	121	1	NA	2	1
38797	121	2	5	2	1
38798	121	2	NA	2	1
38863	121	1	9	2	1
38876	121	2	9	2	1
38877	121	2	10	2	1
38916	121	3	3	1	1
39163	121	3	1	2	1
39172	121	1	NA	1	1
39174	121	2	7	2	1
39175	121	2	4	2	1
39240	121	3	12	1	1
39255	121	2	1	2	1
39333	121	1	1	1	1
39379	121	1	6	1	1
39402	121	2	4	1	1
39411	121	2	8	2	1
39456	121	1	6	1	1
39482	121	1	4	1	1
39483	121	3	9	1	1
39484	121	3	NA	2	1
39495	121	3	4	2	1
39496	121	2	8	2	1
39532	121	2	11	1	1
39651	121	2	4	1	1
39691	121	3	NA	1	1
39699	121	4	NA	2	1
39722	121	2	9	2	1
39769	121	1	2	2	1
39779	121	2	6	2	1
39780	121	2	NA	2	1
39788	121	3	8	2	1
39808	121	3	5	2	1
39901	121	1	NA	1	1
39914	121	2	2	1	1
39927	121	4	6	1	1
39928	121	1	2	2	1
39945	121	2	NA	2	1
39965	121	3	4	1	1
39996	121	2	7	1	1
40019	121	2	1	2	1
40027	121	1	NA	1	1
40035	121	3	3	2	1
40090	121	2	1	2	1
40101	121	2	2	2	1
40150	121	3	NA	2	1
40192	121	3	1	2	1
40251	121	2	13	2	1
40292	121	2	9	1	1
40293	121	2	10	2	1
40318	121	2	NA	2	1
40402	121	1	14	2	1
40413	121	3	11	2	1
40442	121	2	NA	1	1
40518	121	3	2	1	1
40628	121	1	6	2	1
40726	121	1	NA	2	1
