community,panel,go,gene,fold_enrichment,category
C197,OCD_CCD C197: GO:0007189 & overlapping terms,GO:0007189,ADGRF3,68.90543071161049,network gene
C197,OCD_CCD C197: GO:0007189 & overlapping terms,GO:0007189,ADGRB3,68.90543071161049,network gene
C197,OCD_CCD C197: GO:0007189 & overlapping terms,GO:0007189,AKAP6,68.90543071161049,network gene
C197,OCD_CCD C197: GO:0007189 & overlapping terms,GO:0007189,ADGRD1,68.90543071161049,network gene
C197,OCD_CCD C197: GO:0007189 & overlapping terms,GO:0007189,ADGRG2,68.90543071161049,network gene
C197,OCD_CCD C197: GO:0007189 & overlapping terms,GO:0007189,PDE4D,68.90543071161049,network gene
C197,OCD_CCD C197: GO:0007189 & overlapping terms,GO:0007189,ADGRG7,68.90543071161049,network gene
C197,OCD_CCD C197: GO:0007189 & overlapping terms,GO:0007189,ADCY2,68.90543071161049,dog seed
C197,OCD_CCD C197: GO:0007189 & overlapping terms,GO:0007188,ADGRF3,46.10964912280702,network gene
C197,OCD_CCD C197: GO:0007189 & overlapping terms,GO:0007188,ADGRB3,46.10964912280702,network gene
C197,OCD_CCD C197: GO:0007189 & overlapping terms,GO:0007188,AKAP6,46.10964912280702,network gene
C197,OCD_CCD C197: GO:0007189 & overlapping terms,GO:0007188,ADGRD1,46.10964912280702,network gene
C197,OCD_CCD C197: GO:0007189 & overlapping terms,GO:0007188,ADGRG2,46.10964912280702,network gene
C197,OCD_CCD C197: GO:0007189 & overlapping terms,GO:0007188,PDE4D,46.10964912280702,network gene
C197,OCD_CCD C197: GO:0007189 & overlapping terms,GO:0007188,ADGRG7,46.10964912280702,network gene
C197,OCD_CCD C197: GO:0007189 & overlapping terms,GO:0007188,ADCY2,46.10964912280702,dog seed
