gene,dog GWAS gene,dog seed,human seed,OCD dogCD systems map,C185,C186,C197,shared across all maps,Shared/ not-shared,dogCD P,dogCD_region,rating,Depression or schizophrenia?,num pysch assoc in catalog,gwas catalog (disorder),gwas catalog (other)
ADGRG1,True,True,False,False,,,,False,,1.11e-10,24,significant,,,,
DACH1,True,True,False,True,,,,True,shared,2.18e-09,30,significant,,1.0,,Temperament (PMID 34446935)
KLHL1,True,True,False,True,,,,False,unique,2.18e-09,30,significant,,1.0,,Sleep (PMID 35835914)
SLC6A15,True,True,False,False,,,,False,,4.95e-09,10,significant,Depression,24.0,Depression (PMIDs 27479909; 29292387; 29942085; 30718901; 32606422; 34045744; 34586374; 34924174; 37464041; 38177345); Restless legs syndrome (PMID 38839884); Alzheimer's disease (PMID 35589863); Substance use disorder (PMID 41057643),Neuroimaging (PMIDs 34560273; 34910505); Sleep (PMIDs 30804565; 30804566; 35835914); Substance use (PMID 36477530)
EDEM1,True,True,False,False,,,,False,,7.44e-09,25,significant,,,,
GRM7,True,True,False,True,True,False,False,True,shared,7.44e-09,25,significant,Depression,5.0,Depression (PMID 37464041); Treatment-response (PMID 26856250),Cognitive function (PMID 30038396); Neuroimaging (PMID 39353893); Sleep (PMID 35835914)
HS3ST2,True,True,False,False,,,,False,,2.52e-08,63,significant,,,,
SPDYC,True,True,False,False,,,,False,,3.51e-08,20,significant,,,,
ADRA2C,True,False,False,False,,,,False,,3.89e-08,43,significant,,,,
LRPAP1,True,True,False,False,,,,False,,3.89e-08,43,significant,,1.0,,Temperament (PMID 29500382)
B3GAT2,True,True,False,False,,,,False,,9.49e-08,5,significant,,1.0,,Sleep (PMID 35835914)
OGFRL1,True,True,False,False,,,,False,,9.49e-08,5,significant,,,,
CD34,True,True,False,False,,,,False,,1.05e-07,66,significant,Schizophrenia,19.0,Alzheimer's disease (PMID 35589863); Schizophrenia (PMID 25056061),Temperament (PMID 30643258); Cognitive function (PMIDs 36378351; 40374629); Neuroimaging (PMIDs 32665545; 38438384; 38789058)
PLXNA2,True,True,False,False,,,,False,,1.05e-07,66,significant,Schizophrenia,11.0,Restless legs syndrome (PMID 38839884); Schizophrenia (PMID 39753749),Neuroimaging (PMIDs 34560273; 34910505); Temperament (PMIDs 30643258; 34446935; 36324656); Cognitive function (PMID 40374629)
TMPRSS15,True,True,False,False,,,,False,,1.12e-07,46,significant,,,,
ARHGAP33,True,True,False,False,,,,False,,1.13e-07,1,significant,,14.0,,Neuroimaging (PMIDs 31666681; 32665545; 33875891; 34560273; 34910505; 38890310)
HSPB6,True,True,False,False,,,,False,,1.13e-07,1,significant,,17.0,,Neuroimaging (PMIDs 31666681; 32665545; 33875891; 34560273; 34910505; 37164063; 38890310)
IGFLR1,True,True,False,False,,,,False,,1.13e-07,1,significant,,17.0,,Neuroimaging (PMIDs 31666681; 32665545; 33875891; 34560273; 34910505; 37164063; 38890310)
KMT2B,True,True,False,False,,,,False,,1.13e-07,1,significant,,17.0,,Neuroimaging (PMIDs 31666681; 32665545; 33875891; 34560273; 34910505; 37164063; 38890310)
LIN37,True,True,False,False,,,,False,,1.13e-07,1,significant,,17.0,,Neuroimaging (PMIDs 31666681; 32665545; 33875891; 34560273; 34910505; 37164063; 38890310)
NPHS1,True,True,False,False,,,,False,,1.13e-07,1,significant,,7.0,,Neuroimaging (PMIDs 31666681; 32665545; 33875891)
PRODH2,True,True,False,False,,,,False,,1.13e-07,1,significant,,9.0,,Neuroimaging (PMIDs 31666681; 32665545; 33875891; 34910505)
PROSER3,True,True,False,True,,,,False,unique,1.13e-07,1,significant,,17.0,,Neuroimaging (PMIDs 31666681; 32665545; 33875891; 34560273; 34910505; 37164063; 38890310)
PSENEN,True,True,False,False,,,,False,,1.13e-07,1,significant,,17.0,,Neuroimaging (PMIDs 31666681; 32665545; 33875891; 34560273; 34910505; 37164063; 38890310)
U2AF1L4,True,True,False,False,,,,False,,1.13e-07,1,significant,,17.0,,Neuroimaging (PMIDs 31666681; 32665545; 33875891; 34560273; 34910505; 37164063; 38890310)
PRPH2,True,True,False,False,,,,False,,1.22e-07,4,significant,,,,
UBR2,True,True,False,False,,,,False,,1.22e-07,4,significant,,,,
ID2,True,True,False,False,,,,False,,1.26e-07,16,significant,,,,
RNF144A,True,True,False,False,,,,False,,1.26e-07,16,significant,,1.0,,Cognitive function (PMID 36378351)
LY86,True,True,False,False,,,,False,,1.66e-07,52,significant,,,,
RREB1,True,True,False,False,,,,False,,1.66e-07,52,significant,,13.0,Alzheimer's disease (PMID 39998322),Neuroimaging (PMIDs 32193296; 32665545; 34560273; 34910505; 35113692; 38438384; 38789058); Sleep (PMIDs 30804565; 35835914)
ANTXR2,True,True,False,False,,,,False,,1.76e-07,48,significant,,2.0,,Sleep (PMID 35835914); Neuroimaging (PMID 31996736)
GK2,True,True,False,False,,,,False,,1.76e-07,48,significant,Both,16.0,Depression (PMIDs 29292387; 34045744; 34924174; 37464041; 38177345; 41233554); Schizophrenia (PMIDs 33169155; 34380480; 35396580; 39753749); Multiple disorders (PMID 31835028); Attention deficit hyperactivity disorder (PMID 33479212),Temperament (PMIDs 27089181; 29292387; 35589828)
NECAB1,True,True,False,False,,,,False,,2.11e-07,41,significant,,3.0,Substance use disorder (PMID 38632388),Sleep (PMIDs 30804565; 35835914)
PBX1,True,True,False,False,,,,False,,2.5e-07,56,significant,,2.0,Tics and stuttering (PMID 39024449),Temperament (PMID 34446935)
ARGLU1,True,True,False,False,,,,False,,2.67e-07,34,significant,,3.0,,Neuroimaging (PMIDs 34560273; 34910505; 35113692)
FAM155A,True,True,False,False,,,,False,,2.67e-07,34,significant,,,,
SLC4A3,True,True,False,False,,,,False,,2.73e-07,54,significant,,,,
KCND2,True,False,False,False,,,,False,,3.01e-07,9,significant,,6.0,Headache or migraine (PMID 35115687),Sleep (PMIDs 30804565; 35835914); Temperament (PMID 34446935); Substance use (PMID 32193382)
PPA2,True,True,False,False,,,,False,,3.11e-07,47,significant,,10.0,Multiple disorders (PMID 35764056),Cognitive function (PMIDs 29942086; 30038396; 36378351; 39242605); Temperament (PMIDs 30643258; 36324656); Sleep (PMID 35835914)
DUOX2,True,True,False,False,,,,False,,3.22e-07,45,significant,,2.0,,Neuroimaging (PMIDs 34910505; 38789058)
CDH8,True,True,False,True,True,False,False,True,shared,3.46e-07,61,significant,,16.0,Multiple disorders (PMIDs 35764056; 38565336); Attention deficit hyperactivity disorder (PMIDs 36702997; 40962958); Substance use disorder (PMID 41057643),Temperament (PMIDs 30643258; 34446935; 36324656); Cognitive function (PMIDs 29942086; 30038396; 36378351); Sleep (PMIDs 30804565; 35835914)
NTRK2,True,True,False,True,True,False,False,True,shared,3.49e-07,2,significant,Depression,7.0,Alzheimer's disease (PMID 39998322); Anxiety (PMID 31748690); Depression (PMID 38177345); Substance use disorder (PMID 36566681),Neuroimaging (PMID 36462729); Temperament (PMID 30643258)
EMC2,True,True,False,False,,,,False,,3.62e-07,8,significant,,4.0,,Neuroimaging (PMIDs 32665545; 33875891; 34910505)
TRHR,True,True,False,False,,,,False,,3.62e-07,8,significant,,1.0,Epilepsy (PMID 37653029),
PCDH10,True,False,False,False,,,,False,,3.82e-07,22,significant,,,,
GABRG1,True,True,False,True,True,False,False,True,shared,4.11e-07,7,suggestive,,8.0,Alzheimer's disease (PMID 26830138); Epilepsy (PMIDs 30531953; 37653029); Multiple disorders (PMID 38565336),Temperament (PMIDs 30643258; 34446935); Sleep (PMID 37982563)
GNPDA2,True,True,False,False,,,,False,,4.11e-07,7,suggestive,,2.0,,Sleep (PMID 35835914)
CNGB1,True,True,False,False,,,,False,,4.13e-07,23,suggestive,,,,
UTP20,True,True,False,False,,,,False,,4.52e-07,13,suggestive,,1.0,Substance use disorder (PMID 24962325),
DGCR6L,True,False,False,False,,,,False,,4.61e-07,37,suggestive,,1.0,,Molecular brain biomarkers (PMID 31320639)
RTN4R,True,True,False,False,,,,False,,4.61e-07,37,suggestive,,3.0,Headache or migraine (PMID 35115687),Temperament (PMID 36324656); Neuroimaging (PMID 37612147)
ATL2,True,True,False,False,,,,False,,4.96e-07,15,suggestive,,1.0,,Sleep (PMID 35835914)
CYP1B1,True,True,False,False,,,,False,,4.96e-07,15,suggestive,,2.0,Alzheimer's disease (PMID 35589863),Neuroimaging (PMID 38438384)
VSNL1,True,True,False,False,,,,False,,4.99e-07,14,suggestive,,,,
GRM4,True,True,False,False,,,,False,,5.92e-07,6,suggestive,,1.0,Alzheimer's disease (PMID 39998322),
MLN,True,True,False,False,,,,False,,5.92e-07,6,suggestive,Both,13.0,Substance use disorder (PMID 37282553); Schizophrenia (PMIDs 26198764; 30285260); Depression (PMID 30643256),Sleep (PMIDs 30804565; 35835914); Pain (PMIDs 31194737; 33830993); Temperament (PMIDs 30643256; 34446935)
ZWINT,True,True,False,False,,,,False,,6.09e-07,38,suggestive,,2.0,,Temperament (PMID 29500382)
AEBP2,True,True,False,False,,,,False,,6.75e-07,39,suggestive,,1.0,,Cognitive function (PMID 37984853)
PDE3A,True,True,False,False,,,,False,,6.75e-07,39,suggestive,,3.0,Alzheimer's disease (PMID 39998322),Neuroimaging (PMIDs 34560273; 40097784)
IL12RB2,True,True,False,False,,,,False,,6.95e-07,58,suggestive,,1.0,Tics and stuttering (PMID 39024449),
SERBP1,True,True,False,False,,,,False,,6.95e-07,58,suggestive,,1.0,Tics and stuttering (PMID 39024449),
ADCY2,True,True,False,False,,,,False,,7.07e-07,49,suggestive,Depression,12.0,Bipolar disorder (PMIDs 24618891; 34002096); Depression (PMID 37464041); Multiple disorders (PMID 27890468),Sleep (PMID 35835914); Cognitive function (PMIDs 29942086; 30038396; 37984853); Temperament (PMID 29292387)
TENT4A,True,True,False,False,,,,False,,7.07e-07,49,suggestive,Schizophrenia,1.0,Schizophrenia (PMID 39753749),
KCNE4,True,True,False,False,,,,False,,7.11e-07,55,suggestive,,,,
SCG2,True,True,False,False,,,,False,,7.11e-07,55,suggestive,,,,
SLC6A11,True,True,False,False,,,,False,,7.52e-07,27,suggestive,,1.0,Alzheimer's disease (PMID 39024449),
FMNL3,True,True,False,False,,,,False,,7.63e-07,40,suggestive,,5.0,Substance use disorder (PMID 38632388); Alzheimer's disease (PMID 39998322),Temperament (PMIDs 31972866; 34446935); Cognitive function (PMID 30038396)
ARHGAP15,True,True,False,False,,,,False,,7.82e-07,21,suggestive,Depression,33.0,Substance use disorder (PMIDs 32451486; 36301540; 37156939; 37282553; 39024449; 41057643); Multiple disorders (PMID 35764056); Depression (PMIDs 29942085; 37464041); Anxiety (PMID 39294497); Post-traumatic stress disorder (PMID 38637617),Cognitive function (PMIDs 28530673; 29186694; 29942086; 30038396; 32895543; 36378351; 39242605; 40374629); Sleep (PMID 35835914); Temperament (PMIDs 29500382; 29942085; 34446935)
ZFHX3,True,True,False,False,,,,False,,8.37e-07,60,suggestive,Depression,19.0,Restless legs syndrome (PMID 38839884); Substance use disorder (PMIDs 32451486; 41057643); Depression (PMID 41233554); Anxiety (PMID 39294497),Neuroimaging (PMIDs 32665545; 34560273; 34910505); Temperament (PMIDs 30643256; 30643258; 34446935; 35589828); Substance use (PMID 36477530); Cognitive function (PMID 36378351)
SLIT2,True,True,False,False,,,,False,,8.49e-07,44,suggestive,Schizophrenia,9.0,Schizophrenia (PMIDs 35396580; 39753749),Neuroimaging (PMIDs 33821002; 34560273; 34910505; 37337106); Temperament (PMID 34446935)
GRIA1,True,True,False,False,,,,False,,8.63e-07,57,suggestive,Both,43.0,Restless legs syndrome (PMID 38839884); Schizophrenia (PMIDs 23974872; 25056061; 26198764; 28991256; 29483656; 30285260; 31268507; 31740837; 32606422; 33479212; 34159505; 35396580; 39753749); Bipolar disorder (PMIDs 32606422; 33169155; 33479212; 34159505); Multiple disorders (PMIDs 28540026; 31835028); Depression (PMIDs 29292387; 37464041; 38177345); Alzheimer's disease (PMID 35589863); Post-traumatic stress disorder (PMIDs 35181757; 38637617),Sleep (PMIDs 30804565; 33075057; 35835914); Temperament (PMIDs 27089181; 29292387; 29500382; 29970889; 30643258; 31518406; 34446935); Cognitive function (PMID 30038396)
NMUR2,True,True,False,False,,,,False,,8.63e-07,57,suggestive,,1.0,,Temperament (PMID 29970889)
RORB,True,True,False,False,,,,False,,8.84e-07,3,suggestive,Schizophrenia,10.0,Alzheimer's disease (PMID 39998322); Schizophrenia (PMID 35396580),Neuroimaging (PMIDs 34560273; 34910505); Cognitive function (PMIDs 36378351; 40374629); Substance use (PMID 32193382); Sleep (PMIDs 30804565; 35835914)
CELF4,True,True,False,False,,,,False,,9.16e-07,64,suggestive,Depression,58.0,Depression (PMIDs 29292387; 29942085; 30643256; 30718901; 32606422; 33479212; 33859377; 34045744; 34586374; 34924174; 36750733; 37464041; 37985818; 38177345); Anxiety (PMIDs 39024449; 39294497); Substance use disorder (PMIDs 35017462; 41057643); Treatment-response (PMID 29559929),Temperament (PMIDs 27089181; 29255261; 29292387; 29500382; 29942085; 30595370; 30643256; 30643258; 30867560; 31168069; 31972866; 32231276; 34446935; 36244801); Neuroimaging (PMID 31666681); Cognitive function (PMID 30038396)
BNC1,True,True,False,False,,,,False,,9.23e-07,42,suggestive,,6.0,Substance use disorder (PMIDs 37156939; 41057643),Temperament (PMID 34446935); Neuroimaging (PMIDs 36893272; 38890310)
SH3GL3,True,True,False,False,,,,False,,9.23e-07,42,suggestive,,4.0,Substance use disorder (PMID 37156939),Temperament (PMID 34446935); Cognitive function (PMID 30038396); Neuroimaging (PMID 38890310)
DLG2,True,True,False,False,,,,False,,9.3e-07,28,suggestive,Schizophrenia,17.0,Headache or migraine (PMID 28952330); Parkinson's disease (PMIDs 28892059; 31701892; 32310270; 38155330); Alzheimer's disease (PMID 35589863); Schizophrenia (PMID 30285260),Neuroimaging (PMIDs 25607358; 29147026; 31636452; 32665545; 39353893); Sleep (PMIDs 30804565; 35835914); Temperament (PMID 34446935); Molecular brain biomarkers (PMID 28641921)
KATNIP,True,True,False,True,,,,False,unique,9.35e-07,62,suggestive,,1.0,,Cognitive function (PMID 36150907)
GMDS,True,True,False,False,,,,False,,9.45e-07,50,suggestive,,1.0,,Sleep (PMID 27126917)
CDH2,True,True,False,False,,,,False,,9.7e-07,65,suggestive,,2.0,,Sleep (PMID 33568662); Cognitive function (PMID 30038396)
CHST9,True,True,False,False,,,,False,,9.7e-07,65,suggestive,,,,
SPSB1,True,True,False,False,,,,False,,9.72e-07,59,suggestive,,,,
DHX35,True,True,False,False,,,,False,,9.86e-07,36,suggestive,,,,
MAFB,True,True,False,False,,,,False,,9.86e-07,36,suggestive,,,,
CAPN7,True,True,False,False,,,,False,,9.9e-07,35,suggestive,,,,
COL6A5,True,True,False,False,,,,False,,9.9e-07,35,suggestive,,,,
ACSF2,False,False,True,False,,,,False,,,,,,1.0,,Temperament (PMID 30643258)
ADGRA1,False,False,False,True,False,False,True,False,unique,,,,,2.0,,Sleep (PMID 35835914); Pain (PMID 31194737)
ADGRB3,False,False,False,True,True,False,True,False,unique,,,,Schizophrenia,5.0,Restless legs syndrome (PMID 38839884); Schizophrenia (PMID 35396580),Sleep (PMID 35835914); Temperament (PMID 34075027)
ADGRD1,False,False,False,True,False,False,True,False,unique,,,,,,,
ADGRF3,False,False,False,True,False,False,True,False,unique,,,,,1.0,Alzheimer's disease (PMID 35589863),
ADGRG2,False,False,False,True,False,False,True,False,unique,,,,,,,
ADGRG7,False,False,False,True,False,False,True,False,unique,,,,,,,
AJAP1,False,False,False,True,True,False,False,False,MD_shared,,,,,1.0,,Sleep (PMID 35835914)
AKAP6,False,False,False,True,True,False,True,True,shared,,,,Both,23.0,Multiple disorders (PMIDs 31835028; 35764056; 38565336); Schizophrenia (PMIDs 28991256; 30285260; 35396580; 39753749); Depression (PMID 37985818); Attention deficit hyperactivity disorder (PMID 37689771),Cognitive function (PMIDs 25644384; 29942086; 30038396; 32895543; 36150907; 36378351; 39242605; 39891803; 40374629); Sleep (PMIDs 30804565; 35835914); Temperament (PMID 34446935)
ANKIB1,False,False,False,True,False,True,False,False,unique,,,,,1.0,,Neuroimaging (PMID 34910505)
ARIH1,False,False,False,True,False,True,False,True,shared,,,,,1.0,,Neuroimaging (PMID 34910505)
ARIH2,False,False,True,True,False,True,False,False,unique,,,,Depression,11.0,Depression (PMID 41233554); Alzheimer's disease (PMID 39998322); Substance use disorder (PMIDs 37250466; 41057643),Neuroimaging (PMIDs 32665545; 34910505; 35505052); Cognitive function (PMIDs 36378351; 40374629); Temperament (PMID 31168069); Sleep (PMID 30804565)
ATP1A2,False,False,False,True,True,False,False,False,SCZ_shared,,,,,,,
ATP5MC1,False,False,True,False,,,,False,,,,,,2.0,,Sleep (PMID 35835914); Temperament (PMID 30643258)
AURKB,False,False,True,False,,,,False,,,,,Depression,8.0,Depression (PMIDs 34045744; 37464041); Anxiety (PMID 31906708),Cognitive function (PMIDs 30038396; 39891803); Sleep (PMIDs 30846698; 37384397); Temperament (PMID 30595370)
BIK,False,False,False,True,,,,False,unique,,,,,1.0,Alzheimer's disease (PMID 39998322),
BSN,False,False,False,True,True,False,False,True,shared,,,,Depression,32.0,Substance use disorder (PMIDs 38632388; 39024449; 41057643); Post-traumatic stress disorder (PMIDs 33510476; 38637617); Depression (PMIDs 29942085; 30643256; 33479212; 41233554); Multiple disorders (PMID 35764056); Alzheimer's disease (PMID 35589863),Substance use (PMIDs 33082346; 36477530); Sleep (PMIDs 35835914; 37106081); Cognitive function (PMIDs 29942086; 30038396; 36378351; 40374629); Temperament (PMIDs 29500382; 30643256); Pain (PMID 31194737); Neuroimaging (PMIDs 31666681; 33821002)
BTN3A2,False,False,True,False,,,,False,,,,,Both,48.0,Schizophrenia (PMIDs 26198764; 30285260; 32606422; 34159505); Multiple disorders (PMID 28540026); Bipolar disorder (PMIDs 32606422; 34002096); Substance use disorder (PMIDs 37156939; 38632388; 41057643); Depression (PMIDs 29292387; 29662059; 29942085; 30643256; 32606422; 34634379; 37985818; 39472661; 41233554); Headache or migraine (PMID 29397368); Post-traumatic stress disorder (PMIDs 37218628; 38637617); Alzheimer's disease (PMID 39998322),Cognitive function (PMIDs 30038396; 36150907; 36378351; 40374629); Temperament (PMIDs 29500382; 30643256; 34446935); Substance use (PMID 36477530); Sleep (PMID 35835914); Pain (PMID 38965376)
BTN3A3,False,False,True,False,,,,False,,,,,Both,41.0,Schizophrenia (PMIDs 26198764; 30285260; 32606422; 34159505); Multiple disorders (PMID 28540026); Bipolar disorder (PMIDs 32606422; 34002096); Substance use disorder (PMIDs 37156939; 41057643); Depression (PMIDs 29292387; 29662059; 29942085; 30643256; 32606422; 34045744; 34634379; 37985818; 39472661; 41233554); Anxiety (PMID 37945807); Headache or migraine (PMID 29397368); Post-traumatic stress disorder (PMIDs 37218628; 38637617),Cognitive function (PMIDs 29942086; 30038396; 36378351; 40374629); Temperament (PMID 30643256); Substance use (PMID 36477530); Pain (PMID 38965376); Sleep (PMID 35835914)
C20orf144,False,False,False,True,,,,False,unique,,,,,,,
C2CD3,False,False,False,True,,,,False,unique,,,,,2.0,,Neuroimaging (PMID 34910505); Sleep (PMID 41922918)
C3orf62,False,False,True,False,,,,False,,,,,Depression,46.0,Substance use disorder (PMIDs 37156939; 37985822; 38632388; 39024449; 41057643); Depression (PMIDs 29292387; 29942085; 30643256; 30718901; 31530331; 33859377; 34045744; 34924174; 37464041; 38177345; 39024449; 41233554); Multiple disorders (PMID 35764056); Mood disorder (PMID 39024449); Anxiety (PMID 39294497),Cognitive function (PMIDs 29942086; 36150907; 36378351; 39891803; 40374629); Sleep (PMIDs 30804565; 30804566; 35835914); Substance use (PMIDs 30643251; 37250466); Temperament (PMIDs 29292387; 29500382; 30643256; 36324656)
CA9,False,False,False,True,True,False,False,False,unique,,,,,6.0,Restless legs syndrome (PMID 38839884); Alzheimer's disease (PMID 35589863),Neuroimaging (PMIDs 32665545; 34560273; 34910505; 37612147)
CACNA1H,False,False,False,True,True,False,False,False,SCZ_shared,,,,,3.0,Alzheimer's disease (PMID 39998322),Cognitive function (PMID 30038396); Substance use (PMID 36477530)
CACNB2,False,False,False,True,True,False,True,False,SCZ_shared,,,,Schizophrenia,25.0,Schizophrenia (PMIDs 23974872; 25056061; 26198764; 28991256; 29483656; 30285260; 31268507; 31740837; 32606422; 33479212; 34159505; 35396580; 39753749); Multiple disorders (PMIDs 23453885; 28540026; 31835028); Bipolar disorder (PMIDs 32606422; 33479212; 34002096; 34159505); Alzheimer's disease (PMID 39998322); Substance use disorder (PMID 37031923),Neuroimaging (PMID 31666681)
CACNG3,False,False,False,True,True,False,False,True,shared,,,,,,,
CADM2,False,False,False,True,True,False,False,False,MD_shared,,,,,53.0,Multiple disorders (PMIDs 35764056; 38565336); Substance use disorder (PMIDs 32451486; 36301540; 37156939; 37250466; 37985822; 38965376; 41057643); Learning disorder (PMID 36266505); Bipolar disorder (PMIDs 34002096; 34016946); Alzheimer's disease (PMID 35589863); Headache or migraine (PMID 35115687),Temperament (PMIDs 29391395; 29500382; 29942085; 30181555; 30271922; 30595370; 30643256; 30643258; 30867560; 34446935; 36324656; 37106081); Substance use (PMIDs 28937693; 30150663; 36477530); Cognitive function (PMIDs 25869804; 29942086; 30038396; 40374629); Sleep (PMIDs 33568662; 35835914)
CCDC71,False,False,True,False,,,,False,,,,,Depression,32.0,Substance use disorder (PMID 41057643); Depression (PMIDs 29292387; 29942085; 30643256; 30718901; 34045744; 34924174; 37464041; 38177345; 39024449; 41233554); Mood disorder (PMID 39024449); Anxiety (PMID 39294497),Sleep (PMIDs 30804565; 30804566; 35835914); Temperament (PMIDs 29292387; 29500382; 30643256; 30867560; 36324656); Substance use (PMIDs 30643251; 33082346)
CCHCR1,False,False,True,True,,,,False,unique,,,,Both,16.0,Alzheimer's disease (PMID 35589863); Multiple disorders (PMID 28540026); Depression (PMIDs 29292387; 30643256; 37985818); Depression or schizophrenia (PMID 30626913); Schizophrenia (PMID 26198764),Temperament (PMIDs 29292387; 30643256; 30643258); Neuroimaging (PMIDs 35113692; 36893272)
CDH10,False,False,False,True,True,False,False,True,shared,,,,,,,
CDH12,False,False,False,True,True,False,False,False,MD_shared,,,,Depression,4.0,Treatment-response (PMID 39562719); Depression (PMID 40226751),
CDH18,False,False,False,True,True,False,False,False,MD_shared,,,,Depression,5.0,Headache or migraine (PMID 34380431); Depression (PMID 37464041); Substance use disorder (PMID 37282553),Neuroimaging (PMID 31996736); Cognitive function (PMID 35974141)
CDH9,False,False,False,True,True,False,False,False,MD_shared,,,,Depression,15.0,Depression (PMIDs 29942085; 30643256; 32606422; 34045744; 34924174; 37464041; 38177345),Cognitive function (PMIDs 29942086; 30038396; 33232274; 36378351); Temperament (PMID 30643256)
CELF5,False,False,False,True,True,False,False,True,shared,,,,,8.0,Alzheimer's disease (PMIDs 28183528; 39998322),Neuroimaging (PMIDs 33821002; 34560273; 34910505); Cognitive function (PMID 36150907); Temperament (PMID 30643258)
CELSR3,False,False,True,False,,,,False,,,,,Depression,16.0,Anorexia nervosa (PMIDs 31308545; 36324647); Depression (PMID 41233554); Parkinson's disease (PMIDs 28892059; 31701892; 38155330); Alzheimer's disease (PMID 35589863); Multiple disorders (PMID 35764056),Neuroimaging (PMIDs 34560273; 34910505); Cognitive function (PMIDs 29942086; 30038396; 36150907; 36378351; 40374629); Sleep (PMID 35835914)
CHL1,False,False,False,True,True,False,False,False,MD_shared,,,,,1.0,,Temperament (PMID 30643258)
CLP1,False,False,True,False,,,,False,,,,,Both,48.0,Post-traumatic stress disorder (PMID 38637617); Substance use disorder (PMIDs 32451486; 37282553; 41057643); Depression (PMIDs 29942085; 30643256; 32606422; 37985818; 41233554); Schizophrenia (PMIDs 25056061; 26198764; 28991256; 29483656; 30285260; 31740837; 35396580; 39753749); Anxiety (PMID 39294497); Multiple disorders (PMID 28540026),Cognitive function (PMID 30038396); Temperament (PMIDs 29255261; 29500382; 29942085; 30595370; 30643256; 30867560; 31972866; 32231276; 33859377; 34054130); Sleep (PMID 35835914); Substance use (PMID 36477530); Neuroimaging (PMIDs 34910505; 37164063; 37612147)
CNTN1,False,False,False,True,True,False,False,True,shared,,,,,6.0,Parkinson's disease (PMIDs 24842889; 38155330),Neuroimaging (PMIDs 34560273; 34910505; 37337106)
CNTN6,False,False,False,True,True,False,False,False,MD_shared,,,,,1.0,,Cognitive function (PMID 38430954)
CNTNAP1,False,False,False,True,True,False,False,True,shared,,,,,2.0,Parkinson's disease (PMID 31701892),Neuroimaging (PMID 38789058)
CNTNAP4,False,False,False,True,True,False,False,False,MD_shared,,,,,4.0,Substance use disorder (PMID 41057643),Cognitive function (PMIDs 30038396; 36378351)
CRTC1,False,False,False,True,True,False,False,True,shared,,,,,4.0,Alzheimer's disease (PMID 39998322); Post-traumatic stress disorder (PMID 33510476),
CTNND1,False,False,True,False,,,,False,,,,,Both,63.0,Post-traumatic stress disorder (PMIDs 35181757; 38637617); Depression (PMIDs 29942085; 30643256; 30718901; 32606422; 33479212; 34045744; 34159505; 34924174; 37464041; 37985818; 38177345; 41233554); Substance use disorder (PMIDs 32451486; 35879402; 37282553; 37985822; 41057643); Alzheimer's disease (PMID 39998322); Anxiety (PMIDs 39024449; 39294497); Multiple disorders (PMIDs 28540026; 31835028; 33479212); Schizophrenia (PMIDs 25056061; 26198764; 28991256; 29483656; 30285260; 31740837; 35396580; 39753749),Sleep (PMIDs 30804565; 35835914); Temperament (PMIDs 29255261; 29500382; 29942085; 30595370; 30643256; 30867560; 31972866; 32231276; 33859377; 34054130); Substance use (PMID 36477530); Neuroimaging (PMIDs 34910505; 37164063; 37612147)
DAAM2,False,False,False,True,True,False,False,False,unique,,,,,1.0,,Neuroimaging (PMID 32665545)
DALRD3,False,False,True,False,,,,False,,,,,Depression,10.0,Depression (PMID 41233554); Alzheimer's disease (PMID 39998322); Substance use disorder (PMID 41057643),Neuroimaging (PMID 35505052); Cognitive function (PMIDs 36378351; 40374629); Temperament (PMIDs 30867560; 31168069); Substance use (PMID 33082346)
DAOA,False,False,False,True,,,,True,shared,,,,,,,
DCLK1,False,False,False,True,True,False,False,True,shared,,,,,4.0,,Neuroimaging (PMIDs 34560273; 34910505); Cognitive function (PMID 30038396)
DGKI,False,False,False,True,True,False,False,False,SCZ_shared,,,,Schizophrenia,27.0,Schizophrenia (PMIDs 25056061; 26198764; 28991256; 29483656; 30285260; 31268507; 31740837; 32606422; 33479212; 34159505; 35396580; 39753749); Multiple disorders (PMIDs 28540026; 31835028),Neuroimaging (PMIDs 32665545; 34560273; 34910505); Temperament (PMIDs 29500382; 30643258; 37783279); Sleep (PMIDs 30804565; 35835914)
DLGAP1,False,False,False,True,True,False,False,False,MD_shared,,,,,1.0,,Temperament (PMID 36324656)
DPP10,False,False,False,True,True,False,False,True,shared,,,,,,,
ELAVL2,False,False,False,True,,,,True,shared,,,,Depression,32.0,Depression (PMIDs 29942085; 30643256; 30718901; 32606422; 34586374; 34924174; 37464041; 38177345); Multiple disorders (PMID 35764056); Substance use disorder (PMID 41057643); Treatment-response (PMID 39562719),Cognitive function (PMIDs 29942086; 30038396; 39242605); Sleep (PMIDs 30804566; 35835914); Temperament (PMIDs 29500382; 29942085; 30595370; 30643256; 31972866; 34054130; 34446935); Neuroimaging (PMID 34560273)
ELAVL3,False,False,False,True,,,,True,shared,,,,,1.0,Alzheimer's disease (PMID 39998322),
ELK3,False,False,False,True,True,False,False,False,SCZ_shared,,,,,3.0,,Neuroimaging (PMIDs 34560273; 34910505)
ENC1,False,False,False,True,False,True,False,False,unique,,,,,2.0,,Neuroimaging (PMIDs 34560273; 34910505)
EPHA4,False,False,False,True,True,False,False,True,shared,,,,,3.0,,Neuroimaging (PMIDs 34560273; 34910505)
EVI2B,False,False,False,True,,,,False,unique,,,,,12.0,Substance use disorder (PMIDs 32451486; 37156939; 41057643),Temperament (PMIDs 29500382; 30643258); Sleep (PMID 35835914); Neuroimaging (PMID 32665545)
F2RL1,False,False,False,True,False,True,False,False,unique,,,,,1.0,,Neuroimaging (PMID 34910505)
FHOD1,False,False,False,True,True,False,False,False,unique,,,,,1.0,Headache or migraine (PMID 34380431),
FLOT1,False,False,True,False,,,,False,,,,,Both,17.0,Schizophrenia (PMID 30285260); Multiple disorders (PMID 28540026); Depression (PMIDs 29662059; 29700475; 34634379; 36750733; 37985818); Substance use disorder (PMID 27151647); Headache or migraine (PMID 35115687),Cognitive function (PMID 40374629); Neuroimaging (PMIDs 35113692; 36893272); Sleep (PMIDs 25469926; 35835914)
GABRA1,False,False,False,True,True,False,False,True,shared,,,,Depression,1.0,Depression (PMID 37464041),
GABRA2,False,False,False,True,True,False,False,True,shared,,,,,8.0,Alzheimer's disease (PMID 26830138); Epilepsy (PMIDs 30531953; 37653029); Multiple disorders (PMID 38565336),Temperament (PMIDs 30643258; 34446935); Sleep (PMID 37982563)
GABRA5,False,False,False,True,True,False,False,True,shared,,,,,1.0,,Cognitive function (PMID 30038396)
GABRA6,False,False,False,True,True,False,False,True,shared,,,,,5.0,,Temperament (PMID 34446935); Sleep (PMID 35835914); Pain (PMIDs 31194737; 33830993)
GABRB2,False,False,False,True,True,False,False,True,shared,,,,,5.0,,Temperament (PMID 34446935); Sleep (PMID 35835914); Pain (PMIDs 31194737; 33830993)
GABRB3,False,False,False,True,True,False,False,True,shared,,,,,1.0,,Cognitive function (PMID 30038396)
GALK2,False,False,False,True,,,,False,SCZ_shared,,,,,,,
GAP43,False,False,False,True,True,False,False,True,shared,,,,,4.0,,Neuroimaging (PMIDs 33821002; 34560273; 34910505)
GAS7,False,False,False,True,True,False,False,False,SCZ_shared,,,,,,,
GATAD2A,False,False,False,True,,,,False,SCZ_shared,,,,Schizophrenia,21.0,Schizophrenia (PMIDs 23974872; 25056061; 26198764; 29483656; 30285260; 31268507; 33479212; 34159505; 35396580; 39753749); Alzheimer's disease (PMID 39998322); Bipolar disorder (PMIDs 33479212; 34159505); Headache or migraine (PMIDs 34294844; 35115687; 36939796); Substance use disorder (PMID 41057643),Neuroimaging (PMIDs 32665545; 34910505; 38890310); Sleep (PMID 35835914)
GPR137,False,False,False,True,False,False,True,False,unique,,,,,12.0,Alzheimer's disease (PMIDs 39998322; 40883957); Substance use disorder (PMIDs 37156939; 41057643); Bipolar disorder (PMID 34002096),Temperament (PMID 34446935); Substance use (PMID 36477530); Cognitive function (PMID 30038396)
GRIA2,False,False,False,True,True,False,False,True,shared,,,,,,,
GRIA3,False,False,False,True,True,False,False,True,shared,,,,,,,
GRIA4,False,False,False,True,True,False,False,True,shared,,,,,7.0,Restless legs syndrome (PMID 38839884); Alzheimer's disease (PMID 39998322),Cognitive function (PMIDs 29942086; 30038396); Temperament (PMID 34446935)
GRIK1,False,False,False,True,True,False,False,True,shared,,,,,5.0,Alzheimer's disease (PMID 38184787),Temperament (PMID 34446935)
GRIK2,False,False,False,True,True,False,False,True,shared,,,,Depression,23.0,Depression (PMIDs 30643256; 30718901; 34924174; 37464041); Multiple disorders (PMID 31926635); Post-traumatic stress disorder (PMID 38637617); Alzheimer's disease (PMID 39998322),Temperament (PMIDs 29500382; 29942085; 30595370; 30643256; 33859377; 34446935; 36324656); Sleep (PMIDs 30804565; 30804566; 35835914)
GRIK3,False,False,False,True,True,False,False,True,shared,,,,Depression,36.0,Depression (PMIDs 29292387; 30643256; 30718901; 33479212; 34586374; 34924174; 37464041; 37985818; 38177345); Multiple disorders (PMIDs 31835028; 31926635); Restless legs syndrome (PMID 38839884),Temperament (PMIDs 27067015; 29255261; 29292387; 29500382; 29942085; 30595370; 30643256; 30867560; 31972866; 32231276; 33859377; 36244801; 37783279); Sleep (PMIDs 30804565; 35835914)
GRIN2A,False,False,False,True,True,False,False,True,shared,,,,Schizophrenia,34.0,Schizophrenia (PMIDs 25056061; 26198764; 28991256; 29483656; 30285260; 31268507; 31740837; 32606422; 33479212; 34159505; 35396580; 39753749); Multiple disorders (PMIDs 28540026; 31835028; 35764056; 38565336); Bipolar disorder (PMIDs 31043756; 32606422; 33263727; 33479212; 34002096; 34159505),Cognitive function (PMIDs 29942086; 32895543; 36150907; 36378351; 38965376; 39891803; 40374629); Temperament (PMIDs 30643258; 34446935); Sleep (PMID 33568662)
GRIN2B,False,False,False,True,True,False,False,True,shared,,,,,4.0,,Temperament (PMID 30643258); Sleep (PMID 33568662); Cognitive function (PMID 30038396)
GRM3,False,False,False,True,True,False,False,True,shared,,,,Schizophrenia,28.0,Schizophrenia (PMIDs 25056061; 26198764; 28991256; 29483656; 30285260; 31268507; 31740837; 32606422; 33479212; 34159505; 35396580; 39753749); Multiple disorders (PMIDs 28540026; 31835028); Bipolar disorder (PMIDs 32606422; 33479212); Epilepsy (PMID 34456681); Substance use disorder (PMID 36566681),Cognitive function (PMIDs 30038396; 39242605); Temperament (PMIDs 29255261; 29500382; 29942085; 30595370; 32231276); Sleep (PMID 35835914)
GRM5,False,False,False,True,True,False,False,True,shared,,,,Depression,50.0,Depression (PMIDs 29292387; 29662059; 29942085; 30643256; 30718901; 32606422; 33479212; 33859377; 34045744; 34586374; 34924174; 36750733; 37464041; 37985818; 38177345); Substance use disorder (PMID 41057643); Multiple disorders (PMIDs 31926635; 33479212),Temperament (PMIDs 29255261; 29292387; 29500382; 29942085; 30595370; 30643256; 30867560; 31972866; 32231276; 36324656); Sleep (PMIDs 30804565; 30846698; 35835914; 37384397); Neuroimaging (PMIDs 34560273; 34910505)
H4C11,False,False,True,False,,,,False,,,,,Both,47.0,Depression (PMIDs 29662059; 29942085; 30643256; 30718901; 31619474; 32606422; 34586374; 34634379; 34924174; 36672180; 36750733; 37985818; 38177345; 39472661; 41233554); Schizophrenia (PMIDs 22688191; 26198764; 30285260; 32606422); Bipolar disorder (PMID 32606422); Substance use disorder (PMID 41057643); Multiple disorders (PMIDs 24166486; 24280982; 28540026; 34634379); Parkinson's disease (PMID 31701892); Post-traumatic stress disorder (PMID 37218628); Alzheimer's disease (PMIDs 33654092; 35589863); Autism spectrum disorder (PMID 33479212),Temperament (PMIDs 29500382; 29942085; 30181555; 30643256); Cognitive function (PMIDs 36378351; 40374629); Sleep (PMID 35835914); Neuroimaging (PMID 31666681)
HCN1,False,False,True,False,,,,False,,,,,Schizophrenia,22.0,Schizophrenia (PMIDs 25056061; 26198764; 28991256; 29483656; 30285260; 31740837; 35396580; 39753749); Alzheimer's disease (PMIDs 35589863; 39998322); Multiple disorders (PMIDs 28540026; 31835028),Temperament (PMIDs 29500382; 29942085; 30643258; 34446935; 36324656); Sleep (PMID 40465716)
HCN2,False,False,False,True,True,False,False,False,SCZ_shared,,,,,4.0,Substance use disorder (PMID 41057643),Cognitive function (PMIDs 30038396; 36378351)
HLA-B,False,False,True,False,,,,False,,,,,Depression,5.0,Multiple disorders (PMID 28540026); Depression (PMIDs 29662059; 33483693),Sleep (PMID 35835914); Temperament (PMID 29500382)
HLA-DMA,False,False,False,True,,,,False,unique,,,,Schizophrenia,4.0,Schizophrenia (PMIDs 26198764; 30285260); Multiple disorders (PMID 28540026); Treatment-response (PMID 29121268),
IER3,False,False,True,False,,,,False,,,,,Both,16.0,Schizophrenia (PMID 30285260); Multiple disorders (PMID 28540026); Depression (PMIDs 29662059; 29700475; 34634379; 36750733; 37985818); Substance use disorder (PMID 27151647); Headache or migraine (PMID 35115687),Cognitive function (PMID 40374629); Neuroimaging (PMIDs 35113692; 36893272); Sleep (PMIDs 25469926; 35835914)
IGSF11,False,False,False,True,True,False,False,False,unique,,,,Both,27.0,Restless legs syndrome (PMID 38839884); Depression (PMIDs 30718901; 33479212; 34045744; 34586374; 34924174; 37464041; 37985818; 38177345; 41233554); Substance use disorder (PMID 37156939); Schizophrenia (PMID 39753749); Attention deficit hyperactivity disorder (PMID 40962958),Sleep (PMIDs 30804565; 32332799; 35835914); Temperament (PMIDs 30643256; 30643258; 31508503; 34446935; 36324656); Cognitive function (PMID 36150907)
IQCC,False,False,False,True,,,,False,unique,,,,,,,
IQSEC3,False,False,False,True,True,False,False,False,unique,,,,,1.0,,Sleep (PMID 35835914)
IVNS1ABP,False,False,False,True,False,True,False,False,unique,,,,,1.0,Alzheimer's disease (PMID 39023044),
KANSL2,False,False,False,True,,,,False,unique,,,,,,,
KATNB1,False,False,False,True,False,True,False,False,unique,,,,,,,
KBTBD12,False,False,False,True,,,,False,unique,,,,,1.0,Bipolar disorder (PMID 39024449),
KCNB1,False,False,False,True,True,False,False,False,SCZ_shared,,,,Both,30.0,Multiple disorders (PMIDs 31835028; 35764056); Bipolar disorder (PMIDs 32606422; 34002096; 34159505); Schizophrenia (PMIDs 25056061; 26198764; 30285260; 31740837; 32606422; 33479212; 34159505; 35396580; 39753749); Depression (PMIDs 29942085; 30643256; 32606422); Alzheimer's disease (PMID 39998322),Cognitive function (PMIDs 29942086; 30038396; 39891803); Temperament (PMIDs 30643256; 35589828); Sleep (PMID 35835914)
KCNC1,False,False,False,True,True,False,False,True,shared,,,,Schizophrenia,4.0,Schizophrenia (PMID 39753749),Sleep (PMID 35835914); Substance use (PMID 32193382)
KCND3,False,False,False,True,True,False,False,False,SCZ_shared,,,,,4.0,,Pain (PMIDs 31194737; 33830993); Neuroimaging (PMIDs 34910505; 39353893)
KCNIP1,False,False,False,True,True,False,False,True,shared,,,,,2.0,Tics and stuttering (PMID 39024449); Treatment-response (PMID 27846195),
KCNV1,False,False,False,True,True,False,False,False,SCZ_shared,,,,,,,
KLHDC8B,False,False,True,True,,,,False,unique,,,,Depression,34.0,Substance use disorder (PMID 41057643); Depression (PMIDs 29292387; 29942085; 30643256; 30718901; 31530331; 33859377; 34045744; 34924174; 37464041; 38177345; 39024449; 41233554); Mood disorder (PMID 39024449); Anxiety (PMID 39294497),Sleep (PMIDs 30804565; 30804566; 35835914); Temperament (PMIDs 29292387; 29500382; 30643256; 30867560; 36324656); Substance use (PMIDs 30643251; 33082346)
KLHL22,False,False,False,True,False,True,False,False,unique,,,,,2.0,,Neuroimaging (PMID 34910505); Molecular brain biomarkers (PMID 31320639)
KLHL24,False,False,False,True,False,True,False,False,unique,,,,,4.0,,Neuroimaging (PMIDs 35505052; 38580839; 38811844)
KLHL26,False,False,False,True,,,,False,unique,,,,,4.0,Alzheimer's disease (PMID 39998322); Post-traumatic stress disorder (PMID 33510476),
KLHL31,False,False,False,True,,,,False,unique,,,,,,,
KLHL33,False,False,False,True,,,,False,unique,,,,,7.0,,Molecular brain biomarkers (PMIDs 39528826; 40021830)
KLHL35,False,False,False,True,,,,False,unique,,,,,1.0,,Neuroimaging (PMID 34910505)
KLHL38,False,False,False,True,,,,False,unique,,,,,3.0,,Cognitive function (PMID 36378351); Neuroimaging (PMIDs 37165155; 38438384)
KLHL40,False,False,False,True,False,True,False,False,unique,,,,,1.0,,Neuroimaging (PMID 38890310)
KLHL41,False,False,False,True,False,True,False,False,unique,,,,,1.0,Alzheimer's disease (PMID 39998322),
KLHL5,False,False,False,True,,,,False,unique,,,,,,,
KLHL6,False,False,False,True,,,,False,unique,,,,,4.0,Alzheimer's disease (PMID 39998322),Neuroimaging (PMIDs 35505052; 38580839; 38811844)
KLHL7,False,False,False,True,False,True,False,False,unique,,,,,7.0,Parkinson's disease (PMIDs 25064009; 27182965; 28892059; 31701892; 32201043; 38155330),Molecular brain biomarkers (PMID 28031287)
L1CAM,False,False,False,True,True,False,False,False,MD_shared,,,,Schizophrenia,2.0,Substance use disorder (PMID 36566681); Schizophrenia (PMID 24043878),
LAMB2,False,False,True,False,,,,False,,,,,Depression,31.0,Substance use disorder (PMID 41057643); Depression (PMIDs 29942085; 30643256; 30718901; 34045744; 34924174; 37464041; 38177345; 39024449; 41233554); Mood disorder (PMID 39024449),Neuroimaging (PMID 35505052); Sleep (PMIDs 30804565; 30804566; 35835914); Temperament (PMIDs 29292387; 29500382; 30643256; 30867560; 31168069; 36324656); Substance use (PMIDs 30643251; 33082346); Cognitive function (PMID 40374629)
LINGO1,False,False,False,True,,,,False,MD_shared,,,,Depression,29.0,Alzheimer's disease (PMID 35589863); Depression (PMIDs 29942085; 30643256; 32606422; 37464041); Post-traumatic stress disorder (PMID 38637617); Essential tremor (PMID 19182806); Attention deficit hyperactivity disorder (PMID 40962958); Substance use disorder (PMID 37282553),Temperament (PMIDs 27089181; 29255261; 29292387; 29500382; 29942085; 30595370; 30643256; 30867560; 32231276; 34446935; 37783279); Sleep (PMID 30804565); Cognitive function (PMID 30038396)
LRFN2,False,False,False,True,True,False,False,False,MD_shared,,,,,14.0,Alzheimer's disease (PMIDs 30617256; 33589840; 34493870; 34737426; 35379992),Temperament (PMIDs 30643258; 34446935; 36324656); Sleep (PMID 35835914); Neuroimaging (PMID 37612147); Cognitive function (PMID 30038396)
LRFN3,False,False,False,True,True,False,False,False,MD_shared,,,,Schizophrenia,3.0,Schizophrenia (PMIDs 31740837; 35396580; 39753749),
LRFN5,False,False,True,True,True,False,False,False,MD_shared,,,,Depression,36.0,Depression (PMIDs 29700475; 30643256; 30718901; 33479212; 34045744; 34586374; 34634379; 34924174; 37464041; 38177345; 39024449; 41233554); Mood disorder (PMID 39024449); Anxiety (PMIDs 35181757; 39024449; 39294497); Multiple disorders (PMIDs 31835028; 31926635; 34634379); Substance use disorder (PMIDs 37156939; 41057643); Post-traumatic stress disorder (PMIDs 35181757; 38637617); Headache or migraine (PMID 35115687),Temperament (PMIDs 30643256; 30643258; 39301620); Sleep (PMID 35835914)
LRRC4C,False,False,False,True,True,False,False,False,MD_shared,,,,Depression,7.0,Depression (PMID 31530331),Temperament (PMIDs 30643258; 34446935; 36324656); Substance use (PMID 36477530)
LRRN1,False,False,False,True,True,False,False,True,shared,,,,,3.0,Alzheimer's disease (PMID 34112972),Temperament (PMID 30643258); Cognitive function (PMID 28584286)
LRRTM1,False,False,False,True,True,False,False,False,MD_shared,,,,,6.0,Attention deficit hyperactivity disorder (PMID 40962958),Temperament (PMIDs 34446935; 36324656); Cognitive function (PMID 30038396); Pain (PMIDs 31194737; 33830993)
LRRTM2,False,False,False,True,True,False,False,True,shared,,,,,3.0,Alzheimer's disease (PMID 35589863),Sleep (PMID 35835914); Temperament (PMID 30643258)
LSAMP,False,False,True,True,True,False,False,True,shared,,,,Both,37.0,Restless legs syndrome (PMID 38839884); Depression (PMIDs 29942085; 30643256; 30718901; 33479212; 34045744; 34586374; 34924174; 37464041; 37985818; 38177345; 41233554); Substance use disorder (PMID 37156939); Alzheimer's disease (PMID 35589863); Schizophrenia (PMID 39753749); Attention deficit hyperactivity disorder (PMID 40962958),Sleep (PMIDs 30804565; 30804566; 32332799; 35835914); Temperament (PMIDs 29500382; 29942085; 30595370; 30643256; 30643258; 30867560; 31508503; 34446935; 36324656); Cognitive function (PMID 36150907)
MAIP1,False,False,True,False,,,,False,,,,,Schizophrenia,27.0,Schizophrenia (PMIDs 26198764; 28991256; 30285260; 31268507; 31740837; 32606422; 35396580; 39753749); Multiple disorders (PMIDs 28540026; 31835028); Substance use disorder (PMIDs 39024449; 41057643); Bipolar disorder (PMIDs 32606422; 33479212); Treatment-response (PMID 29121268),Sleep (PMIDs 30846698; 35835914); Cognitive function (PMIDs 30038396; 40374629); Temperament (PMIDs 34446935; 36324656)
MEF2C,False,False,True,False,,,,False,,,,,Both,56.0,Depression (PMIDs 27479909; 29292387; 29942085; 30643256; 32606422; 33859377; 34045744; 34924174; 37464041; 38177345); Multiple disorders (PMIDs 28540026; 31835028; 31926635; 35764056); Schizophrenia (PMIDs 25056061; 26198764; 29483656; 30285260; 31268507; 32606422; 35396580; 39753749); Attention deficit hyperactivity disorder (PMIDs 29325848; 32606422); Treatment-response (PMID 29121268); Alzheimer's disease (PMID 24162737),Neuroimaging (PMIDs 33821002; 34560273; 34910505); Cognitive function (PMIDs 28530673; 29186694; 29942086; 30038396; 36150907; 36378351; 39242605; 39891803); Temperament (PMIDs 29255261; 29292387; 29500382; 29942085; 30595370; 30643256; 30867560); Sleep (PMID 35835914)
MTSS2,False,False,False,True,True,False,False,False,unique,,,,,17.0,Alzheimer's disease (PMIDs 34099642; 35379992; 35589863; 35851147),Neuroimaging (PMIDs 32665545; 33821002; 34560273; 34910505; 35505052; 37337106); Cognitive function (PMIDs 29942086; 30038396); Temperament (PMID 36324656)
NALF1,,,,,,,,,,,,,,6.0,,Neuroimaging (PMIDs 33821002; 34910505; 35113692); Sleep (PMID 33568662); Cognitive function (PMID 30038396)
NCAM2,False,False,False,True,True,False,False,True,shared,,,,,2.0,,Temperament (PMID 34446935); Cognitive function (PMID 30038396)
NCKIPSD,False,False,True,False,,,,False,,,,,Depression,16.0,Anorexia nervosa (PMIDs 31308545; 36324647); Depression (PMID 41233554); Parkinson's disease (PMIDs 28892059; 31701892; 38155330); Alzheimer's disease (PMID 35589863); Multiple disorders (PMID 35764056),Neuroimaging (PMIDs 34560273; 34910505); Cognitive function (PMIDs 29942086; 30038396; 36150907; 36378351; 40374629); Sleep (PMID 35835914)
NECAB3,False,False,False,True,False,True,True,False,unique,,,,,,,
NES,False,False,False,True,False,True,False,False,unique,,,,,,,
NFASC,False,False,False,True,True,False,False,False,MD_shared,,,,,9.0,Substance use disorder (PMID 23533358); Multiple disorders (PMID 38565336),Temperament (PMIDs 30643258; 34446935; 36324656); Molecular brain biomarkers (PMID 28031287); Neuroimaging (PMID 35113692); Sleep (PMID 30120083)
NLGN1,False,False,False,True,True,False,False,True,shared,,,,Depression,13.0,Depression (PMIDs 34045744; 37464041); Restless legs syndrome (PMID 38839884); Suicide (PMIDs 36253440; 37777856),Sleep (PMIDs 30804565; 35835914); Neuroimaging (PMIDs 34560273; 34910505); Temperament (PMIDs 30643258; 34446935)
NOVA1,False,False,False,True,True,False,False,True,shared,,,,,8.0,Multiple disorders (PMID 35764056),Cognitive function (PMIDs 29942086; 30038396); Neuroimaging (PMIDs 34560273; 34910505); Sleep (PMIDs 30846698; 37384397)
NPHP4,False,False,False,True,,,,False,unique,,,,,2.0,Alzheimer's disease (PMID 39998322),Cognitive function (PMID 36150907)
NR2C2,False,False,False,True,,,,False,unique,,,,,,,
NRCAM,False,False,False,True,True,False,False,True,shared,,,,,1.0,,Neuroimaging (PMID 34910505)
NRGN,False,False,False,True,,,,True,shared,,,,Schizophrenia,17.0,Schizophrenia (PMIDs 19571808; 25056061; 26198764; 28991256; 29483656; 30285260; 31268507; 31740837; 32606422; 33479212; 34159505; 35396580; 39753749); Multiple disorders (PMIDs 28540026; 31835028),Temperament (PMID 34446935)
NRM,False,False,False,True,,,,False,unique,,,,Both,12.0,Schizophrenia (PMID 30285260); Multiple disorders (PMID 28540026); Depression (PMIDs 29662059; 29700475; 34634379; 36750733); Substance use disorder (PMID 27151647); Headache or migraine (PMID 35115687),Sleep (PMIDs 30804565; 35835914); Cognitive function (PMID 40374629)
NTRK3,False,False,False,True,True,False,False,False,unique,,,,,7.0,Multiple disorders (PMIDs 35764056; 38565336); Substance use disorder (PMID 36566681),Temperament (PMIDs 30643258; 34446935); Cognitive function (PMIDs 29942086; 36378351)
NYNRIN,False,False,False,True,,,,False,MD_shared,,,,,4.0,,Molecular brain biomarkers (PMID 39789286); Neuroimaging (PMIDs 34560273; 34910505)
OMG,False,False,False,True,True,False,False,False,SCZ_shared,,,,,12.0,Substance use disorder (PMIDs 32451486; 37156939; 41057643),Temperament (PMIDs 29500382; 30643258); Sleep (PMID 35835914); Neuroimaging (PMID 32665545)
OPCML,False,False,False,True,True,False,False,True,shared,,,,Schizophrenia,17.0,Schizophrenia (PMIDs 31740837; 35396580; 39753749); Post-traumatic stress disorder (PMIDs 33510476; 35181757); Substance use disorder (PMID 41057643),Substance use (PMID 36477530); Cognitive function (PMID 30038396); Sleep (PMID 35835914)
P4HTM,False,False,True,True,,,,False,unique,,,,Depression,10.0,Depression (PMID 41233554); Alzheimer's disease (PMID 39998322); Substance use disorder (PMIDs 37250466; 41057643),Neuroimaging (PMID 35505052); Cognitive function (PMIDs 36378351; 40374629); Temperament (PMIDs 30867560; 31168069); Sleep (PMID 30804565)
PABPC1L,False,False,True,False,,,,False,,,,,,3.0,Bipolar disorder (PMID 34002096),Sleep (PMIDs 30846698; 37384397)
PAK3,False,False,False,True,True,False,False,False,MD_shared,,,,,,,
PAWR,False,False,False,True,False,True,False,False,unique,,,,,9.0,,Neuroimaging (PMIDs 32193296; 32665545; 33821002; 34560273; 34910505; 35113692; 35505052)
PCDH19,False,False,False,True,True,False,False,False,unique,,,,,,,
PCSK1N,False,False,False,True,True,False,False,False,MD_shared,,,,,,,
PDE1B,False,False,False,True,True,False,True,False,unique,,,,Depression,1.0,Depression (PMID 41233554),
PDE4D,False,False,False,True,True,False,True,False,unique,,,,,8.0,Alzheimer's disease (PMID 39998322); Treatment-response (PMID 23241943),Cognitive function (PMIDs 29942086; 30038396); Substance use (PMID 36477530); Sleep (PMIDs 17903308; 30846698)
PGBD1,False,False,True,False,,,,False,,,,,Both,37.0,Schizophrenia (PMIDs 22037552; 26198764; 30285260; 33479212; 34159505); Multiple disorders (PMIDs 28540026; 31835028; 33479212; 34634379); Depression (PMIDs 29662059; 30643256; 33479212; 34045744; 34634379; 36672180; 37106081; 37464041; 37985818; 39472661; 41233554); Alzheimer's disease (PMIDs 36672180; 37985413); Substance use disorder (PMID 41057643); Anxiety (PMID 39294497),Temperament (PMIDs 29500382; 30643256; 36324656); Sleep (PMIDs 30846698; 33568662); Cognitive function (PMIDs 36378351; 40374629); Neuroimaging (PMID 31666681)
PLAAT4,False,False,False,True,,,,False,unique,,,,,,,
PLXNA4,False,False,False,True,True,False,False,False,MD_shared,,,,Schizophrenia,6.0,Schizophrenia (PMID 35396580); Bipolar disorder (PMID 34002096),Neuroimaging (PMID 34910505); Cognitive function (PMID 30038396); Temperament (PMIDs 29942085; 34446935)
PPFIA2,False,False,False,True,True,False,False,True,shared,,,,,5.0,Substance use disorder (PMIDs 32451486; 36301540; 41057643),Cognitive function (PMID 30038396); Temperament (PMID 31972866)
PWWP2A,False,False,False,True,,,,False,unique,,,,,2.0,Alzheimer's disease (PMIDs 39998322; 40883957),
QRICH1,False,False,True,False,,,,False,,,,,Depression,28.0,Substance use disorder (PMID 41057643); Depression (PMIDs 29942085; 30718901; 34045744; 34924174; 37464041; 38177345; 39024449; 41233554); Mood disorder (PMID 39024449),Neuroimaging (PMID 35505052); Sleep (PMIDs 30804565; 30804566; 35835914); Temperament (PMIDs 29292387; 29500382; 30867560; 31168069; 36324656); Substance use (PMIDs 30643251; 33082346); Cognitive function (PMIDs 36378351; 40374629)
RABEPK,False,False,True,False,,,,False,,,,,Depression,26.0,Substance use disorder (PMIDs 35879402; 36171425; 37156939; 37250466; 37985822; 38632388; 41057643); Anxiety (PMID 39294497); Depression (PMID 30643256),Temperament (PMIDs 29500382; 30595370; 30643256; 31972866; 33859377; 34446935); Substance use (PMIDs 30643251; 36477530; 37250466); Neuroimaging (PMID 32665545)
RASGRF1,False,False,False,True,True,False,False,False,unique,,,,,5.0,Substance use disorder (PMID 37250466); Narcolepsy (PMIDs 23459209; 37188663); Alzheimer's disease (PMID 35379992),Neuroimaging (PMID 38789058)
RBFOX1,False,False,False,True,True,False,False,True,shared,,,,Both,56.0,Depression (PMIDs 29292387; 29700475; 29728651; 29942085; 30643256; 30718901; 32606422; 33859377; 34045744; 34924174; 37464041; 38177345; 40226751); Multiple disorders (PMIDs 31835028; 31926635; 35764056); Alzheimer's disease (PMID 26830138); Post-traumatic stress disorder (PMID 38637617); Schizophrenia (PMID 35396580); Autism spectrum disorder (PMID 32606422),Temperament (PMIDs 29255261; 29292387; 29500382; 29942085; 30595370; 30643256; 30643258; 31168069; 31972866; 33859377; 34446935; 35589828; 36324656; 37783279); Sleep (PMIDs 29520036; 30804565; 30846698; 35835914; 37384397); Neuroimaging (PMID 34910505); Cognitive function (PMIDs 29942086; 30038396; 36150907; 36378351)
RBL1,False,False,False,True,,,,False,unique,,,,,1.0,Alzheimer's disease (PMID 39998322),
RHOB,False,False,False,True,True,False,False,False,unique,,,,,,,
RNASEH2A,False,False,False,True,False,True,False,False,unique,,,,,2.0,,Cognitive function (PMID 30038396); Sleep (PMID 35835914)
SAMD9L,False,False,False,True,,,,False,unique,,,,,3.0,,Neuroimaging (PMIDs 34560273; 34910505)
SCN2A,False,False,False,True,True,False,False,True,shared,,,,,10.0,Bipolar disorder (PMIDs 31043756; 33263727; 34002096); Multiple disorders (PMID 35764056); Parkinson's disease (PMID 28892059); Alzheimer's disease (PMID 32573913),Temperament (PMID 34446935); Substance use (PMID 36477530); Cognitive function (PMID 30038396)
SCN2B,False,False,False,True,True,False,False,False,SCZ_shared,,,,,1.0,,Sleep (PMID 30846698)
SEMA6B,False,False,False,True,True,False,False,False,unique,,,,,2.0,Alzheimer's disease (PMID 39998322),Cognitive function (PMID 29942086)
SEMA6C,False,False,False,True,True,False,False,False,SCZ_shared,,,,,,,
SEMA6D,False,False,False,True,True,False,False,True,shared,,,,Depression,66.0,Restless legs syndrome (PMIDs 29029846; 33239738; 38839884); Substance use disorder (PMIDs 32451486; 35017462; 35879402; 36301540; 37156939; 37250466; 37985822; 38632388; 39024449; 41057643); Depression (PMIDs 29292387; 29942085; 30718901; 32606422; 33479212; 34586374; 34924174; 37464041; 38177345; 41233554); Attention deficit hyperactivity disorder (PMIDs 29325848; 32606422; 40962958); Multiple disorders (PMID 35764056); Tics and stuttering (PMID 40721530),Temperament (PMIDs 29255261; 29292387; 29500382; 29942085; 30595370; 30643256; 30643258; 30867560; 34446935; 36324656); Substance use (PMIDs 30643251; 36477530); Sleep (PMIDs 30804565; 30846698; 35835914; 37384397); Cognitive function (PMIDs 30038396; 40374629); Neuroimaging (PMID 37337106)
SEPTIN3,False,False,False,True,,,,False,unique,,,,Schizophrenia,11.0,Treatment-response (PMID 24528284); Schizophrenia (PMIDs 26198764; 31740837; 32606422; 35396580); Multiple disorders (PMID 35764056),Cognitive function (PMIDs 29186694; 29942086); Sleep (PMID 37770476); Neuroimaging (PMID 31530798)
SERPING1,False,False,True,False,,,,False,,,,,Both,42.0,Post-traumatic stress disorder (PMID 38637617); Substance use disorder (PMIDs 32451486; 37282553; 41057643); Depression (PMIDs 29942085; 30643256; 32606422; 37985818; 41233554); Schizophrenia (PMIDs 29483656; 35396580; 39753749); Anxiety (PMID 39294497); Multiple disorders (PMID 28540026),Cognitive function (PMID 30038396); Temperament (PMIDs 29255261; 29500382; 29942085; 30595370; 30643256; 30867560; 31972866; 32231276; 33859377; 34054130); Sleep (PMID 35835914); Substance use (PMID 36477530); Neuroimaging (PMIDs 34910505; 37164063; 37612147)
SIGIRR,False,False,False,True,,,,False,unique,,,,Depression,8.0,Depression (PMID 34045744); Alzheimer's disease (PMID 39998322),Neuroimaging (PMID 36462729)
SLC25A17,False,False,True,False,,,,False,,,,,,12.0,Bipolar disorder (PMIDs 32606422; 33479212; 34002096; 34159505),Sleep (PMIDs 30120083; 35835914); Temperament (PMIDs 29500382; 29942085)
SLC4A10,False,False,False,True,True,False,False,False,MD_shared,,,,Schizophrenia,33.0,Multiple disorders (PMID 35764056); Substance use disorder (PMID 37156939); Schizophrenia (PMIDs 25056061; 35396580; 39753749),Neuroimaging (PMIDs 30279459; 32193296; 32665545; 33821002; 33875891; 34560273; 34910505; 35393594; 37337106; 37612147); Cognitive function (PMIDs 29942086; 30038396; 32895543; 36150907; 36378351; 40374629); Sleep (PMID 33568662)
SPMIP2,False,False,False,True,,,,False,unique,,,,,8.0,Alzheimer's disease (PMID 35589863),Neuroimaging (PMIDs 34910505; 38789058); Cognitive function (PMID 30038396); Substance use (PMID 36477530); Sleep (PMID 35835914)
SPSB4,False,False,False,True,False,True,False,False,unique,,,,,,,
SRGAP3,False,False,False,True,True,False,False,False,unique,,,,,4.0,,Neuroimaging (PMIDs 34560273; 34910505); Sleep (PMID 30531941)
STXBP1,False,False,False,True,True,False,False,True,shared,,,,,2.0,Alzheimer's disease (PMID 35589863),Substance use (PMID 36477530)
SYT4,False,False,False,True,True,False,False,True,shared,,,,,13.0,Parkinson's disease (PMIDs 22451204; 25064009; 27182965; 28892059; 31701892; 32201043; 32310270; 38155330; 41810385),Neuroimaging (PMIDs 34560273; 34910505); Temperament (PMID 34446935)
TEX9,False,False,False,True,,,,False,unique,,,,,,,
TMEM107,False,False,True,False,,,,False,,,,,Depression,8.0,Depression (PMIDs 34045744; 37464041); Anxiety (PMID 31906708),Cognitive function (PMIDs 30038396; 39891803); Sleep (PMIDs 30846698; 37384397); Temperament (PMID 30595370)
TMX2,False,False,True,False,,,,False,,,,,Both,52.0,Post-traumatic stress disorder (PMID 38637617); Substance use disorder (PMIDs 32451486; 35879402; 37282553; 37985822; 41057643); Depression (PMIDs 29942085; 30643256; 32606422; 37985818; 41233554); Alzheimer's disease (PMID 39998322); Multiple disorders (PMIDs 28540026; 31835028); Schizophrenia (PMIDs 25056061; 26198764; 28991256; 29483656; 30285260; 31740837; 35396580; 39753749); Anxiety (PMID 39294497),Cognitive function (PMID 30038396); Temperament (PMIDs 29255261; 29500382; 29942085; 30595370; 30643256; 30867560; 31972866; 32231276; 33859377; 34054130); Sleep (PMID 35835914); Substance use (PMID 36477530); Neuroimaging (PMIDs 34910505; 37164063; 37612147)
TRIM27,False,False,True,False,,,,False,,,,,Both,18.0,Alzheimer's disease (PMID 35589863); Schizophrenia (PMID 30285260); Depression (PMIDs 29662059; 31619474; 34634379; 36750733; 39472661; 41233554); Post-traumatic stress disorder (PMID 38637617); Substance use disorder (PMID 41057643); Multiple disorders (PMID 34634379),Cognitive function (PMIDs 36378351; 40374629); Temperament (PMIDs 30643258; 35304435); Sleep (PMID 35835914)
TUBB,False,False,True,False,,,,False,,,,,Both,17.0,Schizophrenia (PMID 30285260); Multiple disorders (PMID 28540026); Depression (PMIDs 29662059; 29700475; 34634379; 36750733; 37985818); Substance use disorder (PMID 27151647); Headache or migraine (PMID 35115687),Cognitive function (PMID 40374629); Neuroimaging (PMIDs 35113692; 36893272); Sleep (PMIDs 25469926; 35835914)
UBA7,False,False,False,True,False,True,False,False,unique,,,,Both,36.0,Multiple disorders (PMIDs 35764056; 38565336); Post-traumatic stress disorder (PMIDs 33510476; 38637617); Substance use disorder (PMID 41057643); Depression (PMIDs 29942085; 41233554); Anxiety (PMID 39294497); Attention deficit hyperactivity disorder (PMIDs 36702997; 40962958); Schizophrenia (PMID 31740837),Cognitive function (PMIDs 29942086; 30038396; 36150907; 36378351; 39242605; 39891803; 40374629); Substance use (PMID 36477530); Temperament (PMIDs 29500382; 34446935; 36324656); Sleep (PMIDs 30804565; 35835914; 37106081); Pain (PMIDs 31194737; 33830993); Neuroimaging (PMID 37164063)
UBE2L6,False,False,False,True,False,True,False,False,unique,,,,Depression,18.0,Depression (PMIDs 32606422; 37985818); Post-traumatic stress disorder (PMID 38637617); Substance use disorder (PMIDs 32451486; 37282553),Cognitive function (PMID 30038396); Temperament (PMIDs 29500382; 29942085; 30643256; 31972866; 34054130); Sleep (PMID 35835914); Neuroimaging (PMIDs 37164063; 37612147)
UBE2Z,False,False,True,False,,,,False,,,,,,5.0,Substance use disorder (PMID 30940813),Cognitive function (PMIDs 29942086; 30038396); Sleep (PMID 35835914); Temperament (PMID 30643258)
UNC80,False,False,False,True,True,False,False,False,unique,,,,,2.0,,Neuroimaging (PMIDs 34560273; 34910505)
USP4,False,False,True,False,,,,False,,,,,Depression,39.0,Multiple disorders (PMID 35764056); Substance use disorder (PMIDs 35879402; 37156939; 37985822; 38632388; 39024449; 41057643); Depression (PMIDs 29292387; 29942085; 30643256; 31530331; 33859377; 41233554); Anxiety (PMID 39294497),Cognitive function (PMIDs 29942086; 30038396; 32895543; 36150907; 36378351; 39891803; 40374629); Substance use (PMIDs 36477530; 37250466); Sleep (PMID 35835914); Temperament (PMIDs 29500382; 30643256; 36324656)
VARS2,False,False,True,False,,,,False,,,,,Both,7.0,Multiple disorders (PMID 28540026); Schizophrenia (PMIDs 28991256; 30285260); Depression (PMIDs 29662059; 30626913; 34634379),Sleep (PMID 30804565)
WDR6,False,False,True,False,,,,False,,,,,Depression,10.0,Depression (PMID 41233554); Alzheimer's disease (PMID 39998322); Substance use disorder (PMID 41057643),Neuroimaging (PMID 35505052); Cognitive function (PMIDs 36378351; 40374629); Temperament (PMIDs 30867560; 31168069); Substance use (PMID 33082346)
XPNPEP3,False,False,True,False,,,,False,,,,,Both,19.0,Depression (PMIDs 29942085; 30643256; 32606422; 41233554); Schizophrenia (PMID 33479212); Bipolar disorder (PMIDs 33479212; 34002096; 34159505); Substance use disorder (PMID 30940813),Sleep (PMIDs 30120083; 35835914); Temperament (PMIDs 29500382; 29942085; 30643256)
YPEL4,False,False,True,False,,,,False,,,,,Both,48.0,Post-traumatic stress disorder (PMID 38637617); Substance use disorder (PMIDs 32451486; 37282553; 41057643); Depression (PMIDs 29942085; 30643256; 32606422; 37985818; 41233554); Schizophrenia (PMIDs 25056061; 26198764; 28991256; 29483656; 30285260; 31740837; 35396580; 39753749); Anxiety (PMID 39294497); Multiple disorders (PMID 28540026),Cognitive function (PMID 30038396); Temperament (PMIDs 29255261; 29500382; 29942085; 30595370; 30643256; 30867560; 31972866; 32231276; 33859377; 34054130); Sleep (PMID 35835914); Substance use (PMID 36477530); Neuroimaging (PMIDs 34910505; 37164063; 37612147)
YWHAB,False,False,True,False,,,,False,,,,,,3.0,,Cognitive function (PMID 36150907); Sleep (PMIDs 30846698; 37384397)
ZDHHC5,False,False,True,False,,,,False,,,,,Both,52.0,Post-traumatic stress disorder (PMID 38637617); Substance use disorder (PMIDs 32451486; 35879402; 37282553; 37985822; 41057643); Depression (PMIDs 29942085; 30643256; 32606422; 37985818; 41233554); Alzheimer's disease (PMID 39998322); Multiple disorders (PMIDs 28540026; 31835028); Schizophrenia (PMIDs 25056061; 26198764; 28991256; 29483656; 30285260; 31740837; 35396580; 39753749); Anxiety (PMID 39294497),Cognitive function (PMID 30038396); Temperament (PMIDs 29255261; 29500382; 29942085; 30595370; 30643256; 30867560; 31972866; 32231276; 33859377; 34054130); Sleep (PMID 35835914); Substance use (PMID 36477530); Neuroimaging (PMIDs 34910505; 37164063; 37612147)
ZKSCAN4,False,False,True,False,,,,False,,,,,Both,26.0,Schizophrenia (PMIDs 22037552; 26198764; 30285260; 33479212; 34159505); Multiple disorders (PMIDs 28540026; 31835028; 34634379); Depression (PMIDs 34045744; 34634379; 37106081; 37985818; 39472661; 41233554); Substance use disorder (PMID 41057643); Alzheimer's disease (PMID 37985413),Sleep (PMID 33568662); Cognitive function (PMIDs 36378351; 40374629); Temperament (PMIDs 29500382; 30643256); Neuroimaging (PMID 31666681)
ZNF396,False,False,False,True,,,,False,unique,,,,Depression,5.0,Depression (PMID 30643256),Temperament (PMID 30643256)
ZNF804B,False,False,True,False,,,,False,,,,,,12.0,Restless legs syndrome (PMIDs 29029846; 33239738; 38839884; 39024449; 39078117),Sleep (PMIDs 30804565; 35835914; 39024449; 41922918)
ZNF839,False,False,False,True,,,,False,unique,,,,,,,
ZSCAN16,False,False,True,False,,,,False,,,,,Both,25.0,Bipolar disorder (PMIDs 33479212; 34159505); Depression (PMIDs 29662059; 30643256; 34159505; 37985818; 39472661; 41233554); Multiple disorders (PMIDs 28540026; 34634379); Schizophrenia (PMID 30285260); Substance use disorder (PMID 41057643); Post-traumatic stress disorder (PMID 38637617),Temperament (PMIDs 29500382; 30643256); Cognitive function (PMIDs 36378351; 40374629); Neuroimaging (PMID 31666681)
ZSCAN23,False,False,True,False,,,,False,,,,,Both,36.0,Schizophrenia (PMIDs 26198764; 30285260; 31268507; 34159505); Multiple disorders (PMIDs 28540026; 31835028; 33479212; 34634379); Depression (PMIDs 29662059; 30643256; 33479212; 34045744; 34634379; 36672180; 37106081; 37464041; 37985818; 39472661; 41233554); Alzheimer's disease (PMID 36672180); Substance use disorder (PMID 41057643); Anxiety (PMID 39294497),Temperament (PMIDs 30643256; 30643258; 36324656); Neuroimaging (PMIDs 31666681; 38789058); Cognitive function (PMIDs 36378351; 40374629); Sleep (PMID 30846698); Pain (PMID 38965376)
