gene,dog GWAS gene,dog seed,human seed,OCD dogCD systems map,C185,C186,C197,shared across all maps,Shared/ not-shared,dogCD P,dogCD_region,rating
ADGRG1,True,True,False,False,,,,False,,1.11e-10,24,significant
DACH1,True,True,False,True,,,,True,shared,2.18e-09,30,significant
KLHL1,True,True,False,True,,,,False,unique,2.18e-09,30,significant
SLC6A15,True,True,False,False,,,,False,,4.95e-09,10,significant
EDEM1,True,True,False,False,,,,False,,7.44e-09,25,significant
GRM7,True,True,False,True,True,False,False,True,shared,7.44e-09,25,significant
HS3ST2,True,True,False,False,,,,False,,2.52e-08,63,significant
SPDYC,True,True,False,False,,,,False,,3.51e-08,20,significant
ADRA2C,True,False,False,False,,,,False,,3.89e-08,43,significant
LRPAP1,True,True,False,False,,,,False,,3.89e-08,43,significant
B3GAT2,True,True,False,False,,,,False,,9.49e-08,5,significant
OGFRL1,True,True,False,False,,,,False,,9.49e-08,5,significant
CD34,True,True,False,False,,,,False,,1.05e-07,66,significant
PLXNA2,True,True,False,False,,,,False,,1.05e-07,66,significant
TMPRSS15,True,True,False,False,,,,False,,1.12e-07,46,significant
ARHGAP33,True,True,False,False,,,,False,,1.13e-07,1,significant
HSPB6,True,True,False,False,,,,False,,1.13e-07,1,significant
IGFLR1,True,True,False,False,,,,False,,1.13e-07,1,significant
KMT2B,True,True,False,False,,,,False,,1.13e-07,1,significant
LIN37,True,True,False,False,,,,False,,1.13e-07,1,significant
NPHS1,True,True,False,False,,,,False,,1.13e-07,1,significant
PRODH2,True,True,False,False,,,,False,,1.13e-07,1,significant
PROSER3,True,True,False,True,,,,False,unique,1.13e-07,1,significant
PSENEN,True,True,False,False,,,,False,,1.13e-07,1,significant
U2AF1L4,True,True,False,False,,,,False,,1.13e-07,1,significant
PRPH2,True,True,False,False,,,,False,,1.22e-07,4,significant
UBR2,True,True,False,False,,,,False,,1.22e-07,4,significant
ID2,True,True,False,False,,,,False,,1.26e-07,16,significant
RNF144A,True,True,False,False,,,,False,,1.26e-07,16,significant
LY86,True,True,False,False,,,,False,,1.66e-07,52,significant
RREB1,True,True,False,False,,,,False,,1.66e-07,52,significant
ANTXR2,True,True,False,False,,,,False,,1.76e-07,48,significant
GK2,True,True,False,False,,,,False,,1.76e-07,48,significant
NECAB1,True,True,False,False,,,,False,,2.11e-07,41,significant
PBX1,True,True,False,False,,,,False,,2.5e-07,56,significant
ARGLU1,True,True,False,False,,,,False,,2.67e-07,34,significant
FAM155A,True,True,False,False,,,,False,,2.67e-07,34,significant
SLC4A3,True,True,False,False,,,,False,,2.73e-07,54,significant
KCND2,True,False,False,False,,,,False,,3.01e-07,9,significant
PPA2,True,True,False,False,,,,False,,3.11e-07,47,significant
DUOX2,True,True,False,False,,,,False,,3.22e-07,45,significant
CDH8,True,True,False,True,True,False,False,True,shared,3.46e-07,61,significant
NTRK2,True,True,False,True,True,False,False,True,shared,3.49e-07,2,significant
EMC2,True,True,False,False,,,,False,,3.62e-07,8,significant
TRHR,True,True,False,False,,,,False,,3.62e-07,8,significant
PCDH10,True,False,False,False,,,,False,,3.82e-07,22,significant
GABRG1,True,True,False,True,True,False,False,True,shared,4.11e-07,7,suggestive
GNPDA2,True,True,False,False,,,,False,,4.11e-07,7,suggestive
CNGB1,True,True,False,False,,,,False,,4.13e-07,23,suggestive
UTP20,True,True,False,False,,,,False,,4.52e-07,13,suggestive
DGCR6L,True,False,False,False,,,,False,,4.61e-07,37,suggestive
RTN4R,True,True,False,False,,,,False,,4.61e-07,37,suggestive
ATL2,True,True,False,False,,,,False,,4.96e-07,15,suggestive
CYP1B1,True,True,False,False,,,,False,,4.96e-07,15,suggestive
VSNL1,True,True,False,False,,,,False,,4.99e-07,14,suggestive
GRM4,True,True,False,False,,,,False,,5.92e-07,6,suggestive
MLN,True,True,False,False,,,,False,,5.92e-07,6,suggestive
ZWINT,True,True,False,False,,,,False,,6.09e-07,38,suggestive
AEBP2,True,True,False,False,,,,False,,6.75e-07,39,suggestive
PDE3A,True,True,False,False,,,,False,,6.75e-07,39,suggestive
IL12RB2,True,True,False,False,,,,False,,6.95e-07,58,suggestive
SERBP1,True,True,False,False,,,,False,,6.95e-07,58,suggestive
ADCY2,True,True,False,False,,,,False,,7.07e-07,49,suggestive
TENT4A,True,True,False,False,,,,False,,7.07e-07,49,suggestive
KCNE4,True,True,False,False,,,,False,,7.11e-07,55,suggestive
SCG2,True,True,False,False,,,,False,,7.11e-07,55,suggestive
SLC6A11,True,True,False,False,,,,False,,7.52e-07,27,suggestive
FMNL3,True,True,False,False,,,,False,,7.63e-07,40,suggestive
ARHGAP15,True,True,False,False,,,,False,,7.82e-07,21,suggestive
ZFHX3,True,True,False,False,,,,False,,8.37e-07,60,suggestive
SLIT2,True,True,False,False,,,,False,,8.49e-07,44,suggestive
GRIA1,True,True,False,False,,,,False,,8.63e-07,57,suggestive
NMUR2,True,True,False,False,,,,False,,8.63e-07,57,suggestive
RORB,True,True,False,False,,,,False,,8.84e-07,3,suggestive
CELF4,True,True,False,False,,,,False,,9.16e-07,64,suggestive
BNC1,True,True,False,False,,,,False,,9.23e-07,42,suggestive
SH3GL3,True,True,False,False,,,,False,,9.23e-07,42,suggestive
DLG2,True,True,False,False,,,,False,,9.3e-07,28,suggestive
KATNIP,True,True,False,True,,,,False,unique,9.35e-07,62,suggestive
GMDS,True,True,False,False,,,,False,,9.45e-07,50,suggestive
CDH2,True,True,False,False,,,,False,,9.7e-07,65,suggestive
CHST9,True,True,False,False,,,,False,,9.7e-07,65,suggestive
SPSB1,True,True,False,False,,,,False,,9.72e-07,59,suggestive
DHX35,True,True,False,False,,,,False,,9.86e-07,36,suggestive
MAFB,True,True,False,False,,,,False,,9.86e-07,36,suggestive
CAPN7,True,True,False,False,,,,False,,9.9e-07,35,suggestive
COL6A5,True,True,False,False,,,,False,,9.9e-07,35,suggestive
ACSF2,False,False,True,False,,,,False,,,,
ADGRA1,False,False,False,True,False,False,True,False,unique,,,
ADGRB3,False,False,False,True,True,False,True,False,unique,,,
ADGRD1,False,False,False,True,False,False,True,False,unique,,,
ADGRF3,False,False,False,True,False,False,True,False,unique,,,
ADGRG2,False,False,False,True,False,False,True,False,unique,,,
ADGRG7,False,False,False,True,False,False,True,False,unique,,,
AJAP1,False,False,False,True,True,False,False,False,MD_shared,,,
AKAP6,False,False,False,True,True,False,True,True,shared,,,
ANKIB1,False,False,False,True,False,True,False,False,unique,,,
ARIH1,False,False,False,True,False,True,False,True,shared,,,
ARIH2,False,False,True,True,False,True,False,False,unique,,,
ATP1A2,False,False,False,True,True,False,False,False,SCZ_shared,,,
ATP5MC1,False,False,True,False,,,,False,,,,
AURKB,False,False,True,False,,,,False,,,,
BIK,False,False,False,True,,,,False,unique,,,
BSN,False,False,False,True,True,False,False,True,shared,,,
BTN3A2,False,False,True,False,,,,False,,,,
BTN3A3,False,False,True,False,,,,False,,,,
C20orf144,False,False,False,True,,,,False,unique,,,
C2CD3,False,False,False,True,,,,False,unique,,,
C3orf62,False,False,True,False,,,,False,,,,
CA9,False,False,False,True,True,False,False,False,unique,,,
CACNA1H,False,False,False,True,True,False,False,False,SCZ_shared,,,
CACNB2,False,False,False,True,True,False,True,False,SCZ_shared,,,
CACNG3,False,False,False,True,True,False,False,True,shared,,,
CADM2,False,False,False,True,True,False,False,False,MD_shared,,,
CCDC71,False,False,True,False,,,,False,,,,
CCHCR1,False,False,True,True,,,,False,unique,,,
CDH10,False,False,False,True,True,False,False,True,shared,,,
CDH12,False,False,False,True,True,False,False,False,MD_shared,,,
CDH18,False,False,False,True,True,False,False,False,MD_shared,,,
CDH9,False,False,False,True,True,False,False,False,MD_shared,,,
CELF5,False,False,False,True,True,False,False,True,shared,,,
CELSR3,False,False,True,False,,,,False,,,,
CHL1,False,False,False,True,True,False,False,False,MD_shared,,,
CLP1,False,False,True,False,,,,False,,,,
CNTN1,False,False,False,True,True,False,False,True,shared,,,
CNTN6,False,False,False,True,True,False,False,False,MD_shared,,,
CNTNAP1,False,False,False,True,True,False,False,True,shared,,,
CNTNAP4,False,False,False,True,True,False,False,False,MD_shared,,,
CRTC1,False,False,False,True,True,False,False,True,shared,,,
CTNND1,False,False,True,False,,,,False,,,,
DAAM2,False,False,False,True,True,False,False,False,unique,,,
DALRD3,False,False,True,False,,,,False,,,,
DAOA,False,False,False,True,,,,True,shared,,,
DCLK1,False,False,False,True,True,False,False,True,shared,,,
DGKI,False,False,False,True,True,False,False,False,SCZ_shared,,,
DLGAP1,False,False,False,True,True,False,False,False,MD_shared,,,
DPP10,False,False,False,True,True,False,False,True,shared,,,
ELAVL2,False,False,False,True,,,,True,shared,,,
ELAVL3,False,False,False,True,,,,True,shared,,,
ELK3,False,False,False,True,True,False,False,False,SCZ_shared,,,
ENC1,False,False,False,True,False,True,False,False,unique,,,
EPHA4,False,False,False,True,True,False,False,True,shared,,,
EVI2B,False,False,False,True,,,,False,unique,,,
F2RL1,False,False,False,True,False,True,False,False,unique,,,
FHOD1,False,False,False,True,True,False,False,False,unique,,,
FLOT1,False,False,True,False,,,,False,,,,
GABRA1,False,False,False,True,True,False,False,True,shared,,,
GABRA2,False,False,False,True,True,False,False,True,shared,,,
GABRA5,False,False,False,True,True,False,False,True,shared,,,
GABRA6,False,False,False,True,True,False,False,True,shared,,,
GABRB2,False,False,False,True,True,False,False,True,shared,,,
GABRB3,False,False,False,True,True,False,False,True,shared,,,
GALK2,False,False,False,True,,,,False,SCZ_shared,,,
GAP43,False,False,False,True,True,False,False,True,shared,,,
GAS7,False,False,False,True,True,False,False,False,SCZ_shared,,,
GATAD2A,False,False,False,True,,,,False,SCZ_shared,,,
GPR137,False,False,False,True,False,False,True,False,unique,,,
GRIA2,False,False,False,True,True,False,False,True,shared,,,
GRIA3,False,False,False,True,True,False,False,True,shared,,,
GRIA4,False,False,False,True,True,False,False,True,shared,,,
GRIK1,False,False,False,True,True,False,False,True,shared,,,
GRIK2,False,False,False,True,True,False,False,True,shared,,,
GRIK3,False,False,False,True,True,False,False,True,shared,,,
GRIN2A,False,False,False,True,True,False,False,True,shared,,,
GRIN2B,False,False,False,True,True,False,False,True,shared,,,
GRM3,False,False,False,True,True,False,False,True,shared,,,
GRM5,False,False,False,True,True,False,False,True,shared,,,
H4C11,False,False,True,False,,,,False,,,,
HCN1,False,False,True,False,,,,False,,,,
HCN2,False,False,False,True,True,False,False,False,SCZ_shared,,,
HLA-B,False,False,True,False,,,,False,,,,
HLA-DMA,False,False,False,True,,,,False,unique,,,
IER3,False,False,True,False,,,,False,,,,
IGSF11,False,False,False,True,True,False,False,False,unique,,,
IQCC,False,False,False,True,,,,False,unique,,,
IQSEC3,False,False,False,True,True,False,False,False,unique,,,
IVNS1ABP,False,False,False,True,False,True,False,False,unique,,,
KANSL2,False,False,False,True,,,,False,unique,,,
KATNB1,False,False,False,True,False,True,False,False,unique,,,
KBTBD12,False,False,False,True,,,,False,unique,,,
KCNB1,False,False,False,True,True,False,False,False,SCZ_shared,,,
KCNC1,False,False,False,True,True,False,False,True,shared,,,
KCND3,False,False,False,True,True,False,False,False,SCZ_shared,,,
KCNIP1,False,False,False,True,True,False,False,True,shared,,,
KCNV1,False,False,False,True,True,False,False,False,SCZ_shared,,,
KLHDC8B,False,False,True,True,,,,False,unique,,,
KLHL22,False,False,False,True,False,True,False,False,unique,,,
KLHL24,False,False,False,True,False,True,False,False,unique,,,
KLHL26,False,False,False,True,,,,False,unique,,,
KLHL31,False,False,False,True,,,,False,unique,,,
KLHL33,False,False,False,True,,,,False,unique,,,
KLHL35,False,False,False,True,,,,False,unique,,,
KLHL38,False,False,False,True,,,,False,unique,,,
KLHL40,False,False,False,True,False,True,False,False,unique,,,
KLHL41,False,False,False,True,False,True,False,False,unique,,,
KLHL5,False,False,False,True,,,,False,unique,,,
KLHL6,False,False,False,True,,,,False,unique,,,
KLHL7,False,False,False,True,False,True,False,False,unique,,,
L1CAM,False,False,False,True,True,False,False,False,MD_shared,,,
LAMB2,False,False,True,False,,,,False,,,,
LINGO1,False,False,False,True,,,,False,MD_shared,,,
LRFN2,False,False,False,True,True,False,False,False,MD_shared,,,
LRFN3,False,False,False,True,True,False,False,False,MD_shared,,,
LRFN5,False,False,True,True,True,False,False,False,MD_shared,,,
LRRC4C,False,False,False,True,True,False,False,False,MD_shared,,,
LRRN1,False,False,False,True,True,False,False,True,shared,,,
LRRTM1,False,False,False,True,True,False,False,False,MD_shared,,,
LRRTM2,False,False,False,True,True,False,False,True,shared,,,
LSAMP,False,False,True,True,True,False,False,True,shared,,,
MAIP1,False,False,True,False,,,,False,,,,
MEF2C,False,False,True,False,,,,False,,,,
MTSS2,False,False,False,True,True,False,False,False,unique,,,
NALF1,,,,,,,,,,,,
NCAM2,False,False,False,True,True,False,False,True,shared,,,
NCKIPSD,False,False,True,False,,,,False,,,,
NECAB3,False,False,False,True,False,True,True,False,unique,,,
NES,False,False,False,True,False,True,False,False,unique,,,
NFASC,False,False,False,True,True,False,False,False,MD_shared,,,
NLGN1,False,False,False,True,True,False,False,True,shared,,,
NOVA1,False,False,False,True,True,False,False,True,shared,,,
NPHP4,False,False,False,True,,,,False,unique,,,
NR2C2,False,False,False,True,,,,False,unique,,,
NRCAM,False,False,False,True,True,False,False,True,shared,,,
NRGN,False,False,False,True,,,,True,shared,,,
NRM,False,False,False,True,,,,False,unique,,,
NTRK3,False,False,False,True,True,False,False,False,unique,,,
NYNRIN,False,False,False,True,,,,False,MD_shared,,,
OMG,False,False,False,True,True,False,False,False,SCZ_shared,,,
OPCML,False,False,False,True,True,False,False,True,shared,,,
P4HTM,False,False,True,True,,,,False,unique,,,
PABPC1L,False,False,True,False,,,,False,,,,
PAK3,False,False,False,True,True,False,False,False,MD_shared,,,
PAWR,False,False,False,True,False,True,False,False,unique,,,
PCDH19,False,False,False,True,True,False,False,False,unique,,,
PCSK1N,False,False,False,True,True,False,False,False,MD_shared,,,
PDE1B,False,False,False,True,True,False,True,False,unique,,,
PDE4D,False,False,False,True,True,False,True,False,unique,,,
PGBD1,False,False,True,False,,,,False,,,,
PLAAT4,False,False,False,True,,,,False,unique,,,
PLXNA4,False,False,False,True,True,False,False,False,MD_shared,,,
PPFIA2,False,False,False,True,True,False,False,True,shared,,,
PWWP2A,False,False,False,True,,,,False,unique,,,
QRICH1,False,False,True,False,,,,False,,,,
RABEPK,False,False,True,False,,,,False,,,,
RASGRF1,False,False,False,True,True,False,False,False,unique,,,
RBFOX1,False,False,False,True,True,False,False,True,shared,,,
RBL1,False,False,False,True,,,,False,unique,,,
RHOB,False,False,False,True,True,False,False,False,unique,,,
RNASEH2A,False,False,False,True,False,True,False,False,unique,,,
SAMD9L,False,False,False,True,,,,False,unique,,,
SCN2A,False,False,False,True,True,False,False,True,shared,,,
SCN2B,False,False,False,True,True,False,False,False,SCZ_shared,,,
SEMA6B,False,False,False,True,True,False,False,False,unique,,,
SEMA6C,False,False,False,True,True,False,False,False,SCZ_shared,,,
SEMA6D,False,False,False,True,True,False,False,True,shared,,,
SEPTIN3,False,False,False,True,,,,False,unique,,,
SERPING1,False,False,True,False,,,,False,,,,
SIGIRR,False,False,False,True,,,,False,unique,,,
SLC25A17,False,False,True,False,,,,False,,,,
SLC4A10,False,False,False,True,True,False,False,False,MD_shared,,,
SPMIP2,False,False,False,True,,,,False,unique,,,
SPSB4,False,False,False,True,False,True,False,False,unique,,,
SRGAP3,False,False,False,True,True,False,False,False,unique,,,
STXBP1,False,False,False,True,True,False,False,True,shared,,,
SYT4,False,False,False,True,True,False,False,True,shared,,,
TEX9,False,False,False,True,,,,False,unique,,,
TMEM107,False,False,True,False,,,,False,,,,
TMX2,False,False,True,False,,,,False,,,,
TRIM27,False,False,True,False,,,,False,,,,
TUBB,False,False,True,False,,,,False,,,,
UBA7,False,False,False,True,False,True,False,False,unique,,,
UBE2L6,False,False,False,True,False,True,False,False,unique,,,
UBE2Z,False,False,True,False,,,,False,,,,
UNC80,False,False,False,True,True,False,False,False,unique,,,
USP4,False,False,True,False,,,,False,,,,
VARS2,False,False,True,False,,,,False,,,,
WDR6,False,False,True,False,,,,False,,,,
XPNPEP3,False,False,True,False,,,,False,,,,
YPEL4,False,False,True,False,,,,False,,,,
YWHAB,False,False,True,False,,,,False,,,,
ZDHHC5,False,False,True,False,,,,False,,,,
ZKSCAN4,False,False,True,False,,,,False,,,,
ZNF396,False,False,False,True,,,,False,unique,,,
ZNF804B,False,False,True,False,,,,False,,,,
ZNF839,False,False,False,True,,,,False,unique,,,
ZSCAN16,False,False,True,False,,,,False,,,,
ZSCAN23,False,False,True,False,,,,False,,,,
